tweet_id,username,name,profile_picture,replies,retweets,likes,is_retweet,retweet_link,posted_time,content,hashtags,mentions,images,videos,tweet_url,link
1464912131862806533,agrawalmohit12,,,,,,,,,,,,,,https://twitter.com/agrawalmohit12/status/1464912131862806533,
1649110701883965441,agrawalmohit12,,,,,,,,,,,,,,https://twitter.com/agrawalmohit12/status/1649110701883965441,
1648702121670242304,agrawalmohit12,,,,,,,,,,,,,,https://twitter.com/agrawalmohit12/status/1648702121670242304,
1648702119346577409,agrawalmohit12,,,,,,,,,,,,,,https://twitter.com/agrawalmohit12/status/1648702119346577409,
1648426123074895873,agrawalmohit12,,,,,,,,,,,,,,https://twitter.com/agrawalmohit12/status/1648426123074895873,
1648417382421938178,agrawalmohit12,,,,,,,,,,,,,,https://twitter.com/agrawalmohit12/status/1648417382421938178,
1648307263952519169,agrawalmohit12,,,,,,,,,,,,,,https://twitter.com/agrawalmohit12/status/1648307263952519169,
1648306837735735298,agrawalmohit12,,,,,,,,,,,,,,https://twitter.com/agrawalmohit12/status/1648306837735735298,
1647990576086757379,agrawalmohit12,,,,,,,,,,,,,,https://twitter.com/agrawalmohit12/status/1647990576086757379,
1647990574266425344,agrawalmohit12,,,,,,,,,,,,,,https://twitter.com/agrawalmohit12/status/1647990574266425344,
1647990572106276864,agrawalmohit12,,,,,,,,,,,,,,https://twitter.com/agrawalmohit12/status/1647990572106276864,
1647988160058589185,agrawalmohit12,,,,,,,,,,,,,,https://twitter.com/agrawalmohit12/status/1647988160058589185,
1647973657010995203,agrawalmohit12,,,,,,,,,,,,,,https://twitter.com/agrawalmohit12/status/1647973657010995203,
1646887460880760836,agrawalmohit12,,,,,,,,,,,,,,https://twitter.com/agrawalmohit12/status/1646887460880760836,
1646249234620985351,agrawalmohit12,,,,,,,,,,,,,,https://twitter.com/agrawalmohit12/status/1646249234620985351,
1646134212020379648,agrawalmohit12,,,,,,,,,,,,,,https://twitter.com/agrawalmohit12/status/1646134212020379648,
1646132725785477122,agrawalmohit12,,,,,,,,,,,,,,https://twitter.com/agrawalmohit12/status/1646132725785477122,
1646131757677158401,agrawalmohit12,,,,,,,,,,,,,,https://twitter.com/agrawalmohit12/status/1646131757677158401,
1645386177158033409,agrawalmohit12,,,,,,,,,,,,,,https://twitter.com/agrawalmohit12/status/1645386177158033409,
1645153746345754625,agrawalmohit12,,,,,,,,,,,,,,https://twitter.com/agrawalmohit12/status/1645153746345754625,
1643497923513143297,agrawalmohit12,,,,,,,,,,,,,,https://twitter.com/agrawalmohit12/status/1643497923513143297,
1642921437848543234,agrawalmohit12,,,,,,,,,,,,,,https://twitter.com/agrawalmohit12/status/1642921437848543234,
1642893675368787970,agrawalmohit12,,,,,,,,,,,,,,https://twitter.com/agrawalmohit12/status/1642893675368787970,
1642892353017896960,agrawalmohit12,,,,,,,,,,,,,,https://twitter.com/agrawalmohit12/status/1642892353017896960,
1642892351193374721,agrawalmohit12,,,,,,,,,,,,,,https://twitter.com/agrawalmohit12/status/1642892351193374721,
1642892349444354053,agrawalmohit12,,,,,,,,,,,,,,https://twitter.com/agrawalmohit12/status/1642892349444354053,
1642892347707990018,agrawalmohit12,,,,,,,,,,,,,,https://twitter.com/agrawalmohit12/status/1642892347707990018,
1642892345984024579,agrawalmohit12,,,,,,,,,,,,,,https://twitter.com/agrawalmohit12/status/1642892345984024579,
1642892344310607874,agrawalmohit12,,,,,,,,,,,,,,https://twitter.com/agrawalmohit12/status/1642892344310607874,
1642892342641270784,agrawalmohit12,,,,,,,,,,,,,,https://twitter.com/agrawalmohit12/status/1642892342641270784,
1642892340904841220,agrawalmohit12,,,,,,,,,,,,,,https://twitter.com/agrawalmohit12/status/1642892340904841220,
1642892339164114944,agrawalmohit12,,,,,,,,,,,,,,https://twitter.com/agrawalmohit12/status/1642892339164114944,
1642892337389920261,agrawalmohit12,,,,,,,,,,,,,,https://twitter.com/agrawalmohit12/status/1642892337389920261,
1642892335741558784,agrawalmohit12,,,,,,,,,,,,,,https://twitter.com/agrawalmohit12/status/1642892335741558784,
1642892334026113025,agrawalmohit12,,,,,,,,,,,,,,https://twitter.com/agrawalmohit12/status/1642892334026113025,
1642892332323287040,agrawalmohit12,,,,,,,,,,,,,,https://twitter.com/agrawalmohit12/status/1642892332323287040,
1642892328598740994,agrawalmohit12,,,,,,,,,,,,,,https://twitter.com/agrawalmohit12/status/1642892328598740994,
1642892326895747073,agrawalmohit12,,,,,,,,,,,,,,https://twitter.com/agrawalmohit12/status/1642892326895747073,
1642892324546985984,agrawalmohit12,,,,,,,,,,,,,,https://twitter.com/agrawalmohit12/status/1642892324546985984,
1642892321946497027,agrawalmohit12,,,,,,,,,,,,,,https://twitter.com/agrawalmohit12/status/1642892321946497027,
1642892320231006212,agrawalmohit12,,,,,,,,,,,,,,https://twitter.com/agrawalmohit12/status/1642892320231006212,
1642892318377164800,agrawalmohit12,,,,,,,,,,,,,,https://twitter.com/agrawalmohit12/status/1642892318377164800,
1642892316460425218,agrawalmohit12,,,,,,,,,,,,,,https://twitter.com/agrawalmohit12/status/1642892316460425218,
1642892314652573696,agrawalmohit12,,,,,,,,,,,,,,https://twitter.com/agrawalmohit12/status/1642892314652573696,
1642892313075515392,agrawalmohit12,,,,,,,,,,,,,,https://twitter.com/agrawalmohit12/status/1642892313075515392,
1642892310881918977,agrawalmohit12,,,,,,,,,,,,,,https://twitter.com/agrawalmohit12/status/1642892310881918977,
1642892308361117697,agrawalmohit12,,,,,,,,,,,,,,https://twitter.com/agrawalmohit12/status/1642892308361117697,
1642561882882973705,agrawalmohit12,,,,,,,,,,,,,,https://twitter.com/agrawalmohit12/status/1642561882882973705,
1642553294374486021,agrawalmohit12,,,,,,,,,,,,,,https://twitter.com/agrawalmohit12/status/1642553294374486021,
1641771682841997315,agrawalmohit12,,,,,,,,,,,,,,https://twitter.com/agrawalmohit12/status/1641771682841997315,
1641428587084496897,agrawalmohit12,,,,,,,,,,,,,,https://twitter.com/agrawalmohit12/status/1641428587084496897,
1641422559995473922,agrawalmohit12,,,,,,,,,,,,,,https://twitter.com/agrawalmohit12/status/1641422559995473922,
1641418509556105220,agrawalmohit12,,,,,,,,,,,,,,https://twitter.com/agrawalmohit12/status/1641418509556105220,
1641338697827139585,ChiefExecCCC,,,,,,,,,,,,,,https://twitter.com/ChiefExecCCC/status/1641338697827139585,
1641093355261050883,agrawalmohit12,,,,,,,,,,,,,,https://twitter.com/agrawalmohit12/status/1641093355261050883,
1641083677030350848,agrawalmohit12,,,,,,,,,,,,,,https://twitter.com/agrawalmohit12/status/1641083677030350848,
1641083668738236417,agrawalmohit12,,,,,,,,,,,,,,https://twitter.com/agrawalmohit12/status/1641083668738236417,
1640988225769467908,agrawalmohit12,,,,,,,,,,,,,,https://twitter.com/agrawalmohit12/status/1640988225769467908,
1640821001448562695,agrawalmohit12,,,,,,,,,,,,,,https://twitter.com/agrawalmohit12/status/1640821001448562695,
1640608168286867457,agrawalmohit12,,,,,,,,,,,,,,https://twitter.com/agrawalmohit12/status/1640608168286867457,
1640029745260765186,agrawalmohit12,,,,,,,,,,,,,,https://twitter.com/agrawalmohit12/status/1640029745260765186,
1639609347721314307,agrawalmohit12,,,,,,,,,,,,,,https://twitter.com/agrawalmohit12/status/1639609347721314307,
1639608275665551364,agrawalmohit12,,,,,,,,,,,,,,https://twitter.com/agrawalmohit12/status/1639608275665551364,
1639608270275981314,agrawalmohit12,,,,,,,,,,,,,,https://twitter.com/agrawalmohit12/status/1639608270275981314,
1639269542777028615,agrawalmohit12,,,,,,,,,,,,,,https://twitter.com/agrawalmohit12/status/1639269542777028615,
1639268769011834884,agrawalmohit12,,,,,,,,,,,,,,https://twitter.com/agrawalmohit12/status/1639268769011834884,
1639208660554637315,agrawalmohit12,,,,,,,,,,,,,,https://twitter.com/agrawalmohit12/status/1639208660554637315,
1639184268772675585,agrawalmohit12,,,,,,,,,,,,,,https://twitter.com/agrawalmohit12/status/1639184268772675585,
1638934468751663110,agrawalmohit12,,,,,,,,,,,,,,https://twitter.com/agrawalmohit12/status/1638934468751663110,
1638934467384360961,agrawalmohit12,,,,,,,,,,,,,,https://twitter.com/agrawalmohit12/status/1638934467384360961,
1638689406734200833,agrawalmohit12,,,,,,,,,,,,,,https://twitter.com/agrawalmohit12/status/1638689406734200833,
1638688303624101888,agrawalmohit12,,,,,,,,,,,,,,https://twitter.com/agrawalmohit12/status/1638688303624101888,
1638605883998347278,agrawalmohit12,,,,,,,,,,,,,,https://twitter.com/agrawalmohit12/status/1638605883998347278,
1638601723475288066,agrawalmohit12,,,,,,,,,,,,,,https://twitter.com/agrawalmohit12/status/1638601723475288066,
1638475502326362114,agrawalmohit12,,,,,,,,,,,,,,https://twitter.com/agrawalmohit12/status/1638475502326362114,
1638457021077831680,agrawalmohit12,,,,,,,,,,,,,,https://twitter.com/agrawalmohit12/status/1638457021077831680,
1637833118483636230,agrawalmohit12,,,,,,,,,,,,,,https://twitter.com/agrawalmohit12/status/1637833118483636230,
1637833116738887686,agrawalmohit12,,,,,,,,,,,,,,https://twitter.com/agrawalmohit12/status/1637833116738887686,
1637830448381411332,agrawalmohit12,,,,,,,,,,,,,,https://twitter.com/agrawalmohit12/status/1637830448381411332,
1637826131574284288,agrawalmohit12,,,,,,,,,,,,,,https://twitter.com/agrawalmohit12/status/1637826131574284288,
1637825849914281986,agrawalmohit12,,,,,,,,,,,,,,https://twitter.com/agrawalmohit12/status/1637825849914281986,
1637809073352589312,agrawalmohit12,,,,,,,,,,,,,,https://twitter.com/agrawalmohit12/status/1637809073352589312,
1637741024079478784,agrawalmohit12,,,,,,,,,,,,,,https://twitter.com/agrawalmohit12/status/1637741024079478784,
1637739894989795329,agrawalmohit12,,,,,,,,,,,,,,https://twitter.com/agrawalmohit12/status/1637739894989795329,
1637691553614381057,agrawalmohit12,,,,,,,,,,,,,,https://twitter.com/agrawalmohit12/status/1637691553614381057,
1637684340241883139,agrawalmohit12,,,,,,,,,,,,,,https://twitter.com/agrawalmohit12/status/1637684340241883139,
1637575103956303872,agrawalmohit12,,,,,,,,,,,,,,https://twitter.com/agrawalmohit12/status/1637575103956303872,
1637566928381263875,agrawalmohit12,,,,,,,,,,,,,,https://twitter.com/agrawalmohit12/status/1637566928381263875,
1637531489070972932,agrawalmohit12,,,,,,,,,,,,,,https://twitter.com/agrawalmohit12/status/1637531489070972932,
1637500243020226565,agrawalmohit12,,,,,,,,,,,,,,https://twitter.com/agrawalmohit12/status/1637500243020226565,
1637425836671348736,agrawalmohit12,,,,,,,,,,,,,,https://twitter.com/agrawalmohit12/status/1637425836671348736,
1637425650871984129,agrawalmohit12,,,,,,,,,,,,,,https://twitter.com/agrawalmohit12/status/1637425650871984129,
1637131508203782144,agrawalmohit12,,,,,,,,,,,,,,https://twitter.com/agrawalmohit12/status/1637131508203782144,
1637119091503767554,agrawalmohit12,,,,,,,,,,,,,,https://twitter.com/agrawalmohit12/status/1637119091503767554,
1636777204129447936,agrawalmohit12,,,,,,,,,,,,,,https://twitter.com/agrawalmohit12/status/1636777204129447936,
1636751307586301952,agrawalmohit12,,,,,,,,,,,,,,https://twitter.com/agrawalmohit12/status/1636751307586301952,
1636468974450769920,agrawalmohit12,,,,,,,,,,,,,,https://twitter.com/agrawalmohit12/status/1636468974450769920,
1636466920445583399,agrawalmohit12,,,,,,,,,,,,,,https://twitter.com/agrawalmohit12/status/1636466920445583399,
1636466088660574240,agrawalmohit12,,,,,,,,,,,,,,https://twitter.com/agrawalmohit12/status/1636466088660574240,
1636464010609434648,agrawalmohit12,,,,,,,,,,,,,,https://twitter.com/agrawalmohit12/status/1636464010609434648,
1636461089561911320,agrawalmohit12,,,,,,,,,,,,,,https://twitter.com/agrawalmohit12/status/1636461089561911320,
1636079026056962051,agrawalmohit12,,,,,,,,,,,,,,https://twitter.com/agrawalmohit12/status/1636079026056962051,
1636078133609746433,agrawalmohit12,,,,,,,,,,,,,,https://twitter.com/agrawalmohit12/status/1636078133609746433,
1635294266288390145,agrawalmohit12,,,,,,,,,,,,,,https://twitter.com/agrawalmohit12/status/1635294266288390145,
1635178420899291136,agrawalmohit12,,,,,,,,,,,,,,https://twitter.com/agrawalmohit12/status/1635178420899291136,
1635058460382625792,agrawalmohit12,,,,,,,,,,,,,,https://twitter.com/agrawalmohit12/status/1635058460382625792,
1635049450375909378,agrawalmohit12,,,,,,,,,,,,,,https://twitter.com/agrawalmohit12/status/1635049450375909378,
1635026537081896961,agrawalmohit12,,,,,,,,,,,,,,https://twitter.com/agrawalmohit12/status/1635026537081896961,
1635026003839025155,agrawalmohit12,,,,,,,,,,,,,,https://twitter.com/agrawalmohit12/status/1635026003839025155,
1635004878077702145,agrawalmohit12,,,,,,,,,,,,,,https://twitter.com/agrawalmohit12/status/1635004878077702145,
1634949491437498368,agrawalmohit12,,,,,,,,,,,,,,https://twitter.com/agrawalmohit12/status/1634949491437498368,
1634687800984436736,agrawalmohit12,,,,,,,,,,,,,,https://twitter.com/agrawalmohit12/status/1634687800984436736,
1634606835339599878,agrawalmohit12,,,,,,,,,,,,,,https://twitter.com/agrawalmohit12/status/1634606835339599878,
1634446105256632320,agrawalmohit12,,,,,,,,,,,,,,https://twitter.com/agrawalmohit12/status/1634446105256632320,
1634301125250760705,agrawalmohit12,,,,,,,,,,,,,,https://twitter.com/agrawalmohit12/status/1634301125250760705,
1630326720145371136,agrawalmohit12,,,,,,,,,,,,,,https://twitter.com/agrawalmohit12/status/1630326720145371136,
1630108801432010755,agrawalmohit12,,,,,,,,,,,,,,https://twitter.com/agrawalmohit12/status/1630108801432010755,
1630108708536500228,agrawalmohit12,,,,,,,,,,,,,,https://twitter.com/agrawalmohit12/status/1630108708536500228,
1629492783558819842,agrawalmohit12,,,,,,,,,,,,,,https://twitter.com/agrawalmohit12/status/1629492783558819842,
1629492764705529869,agrawalmohit12,,,,,,,,,,,,,,https://twitter.com/agrawalmohit12/status/1629492764705529869,
1629470131712655360,agrawalmohit12,,,,,,,,,,,,,,https://twitter.com/agrawalmohit12/status/1629470131712655360,
1629035486982336513,agrawalmohit12,,,,,,,,,,,,,,https://twitter.com/agrawalmohit12/status/1629035486982336513,
1627363824419409921,agrawalmohit12,,,,,,,,,,,,,,https://twitter.com/agrawalmohit12/status/1627363824419409921,
1625113361145909249,agrawalmohit12,,,,,,,,,,,,,,https://twitter.com/agrawalmohit12/status/1625113361145909249,
1625113359023570945,agrawalmohit12,,,,,,,,,,,,,,https://twitter.com/agrawalmohit12/status/1625113359023570945,
1625113356855042048,agrawalmohit12,,,,,,,,,,,,,,https://twitter.com/agrawalmohit12/status/1625113356855042048,
1625113355357675520,agrawalmohit12,,,,,,,,,,,,,,https://twitter.com/agrawalmohit12/status/1625113355357675520,
1625113353784811520,agrawalmohit12,,,,,,,,,,,,,,https://twitter.com/agrawalmohit12/status/1625113353784811520,
1625112424171941890,agrawalmohit12,,,,,,,,,,,,,,https://twitter.com/agrawalmohit12/status/1625112424171941890,
1625112422158663680,agrawalmohit12,,,,,,,,,,,,,,https://twitter.com/agrawalmohit12/status/1625112422158663680,
1625112420711645184,agrawalmohit12,,,,,,,,,,,,,,https://twitter.com/agrawalmohit12/status/1625112420711645184,
1625112419038003201,agrawalmohit12,,,,,,,,,,,,,,https://twitter.com/agrawalmohit12/status/1625112419038003201,
1624755575538999297,agrawalmohit12,,,,,,,,,,,,,,https://twitter.com/agrawalmohit12/status/1624755575538999297,
1624745418071367687,agrawalmohit12,,,,,,,,,,,,,,https://twitter.com/agrawalmohit12/status/1624745418071367687,
1624744763701297153,agrawalmohit12,,,,,,,,,,,,,,https://twitter.com/agrawalmohit12/status/1624744763701297153,
1624718594297700357,agrawalmohit12,,,,,,,,,,,,,,https://twitter.com/agrawalmohit12/status/1624718594297700357,
1624513526369775616,agrawalmohit12,,,,,,,,,,,,,,https://twitter.com/agrawalmohit12/status/1624513526369775616,
1624506962338582528,agrawalmohit12,,,,,,,,,,,,,,https://twitter.com/agrawalmohit12/status/1624506962338582528,
1624506960698638337,agrawalmohit12,,,,,,,,,,,,,,https://twitter.com/agrawalmohit12/status/1624506960698638337,
1624506959062880257,agrawalmohit12,,,,,,,,,,,,,,https://twitter.com/agrawalmohit12/status/1624506959062880257,
1624506568111804416,agrawalmohit12,,,,,,,,,,,,,,https://twitter.com/agrawalmohit12/status/1624506568111804416,
1624506566274695168,agrawalmohit12,,,,,,,,,,,,,,https://twitter.com/agrawalmohit12/status/1624506566274695168,
1624506563959349249,agrawalmohit12,,,,,,,,,,,,,,https://twitter.com/agrawalmohit12/status/1624506563959349249,
1624505256146046976,agrawalmohit12,,,,,,,,,,,,,,https://twitter.com/agrawalmohit12/status/1624505256146046976,
1624505254459977728,agrawalmohit12,,,,,,,,,,,,,,https://twitter.com/agrawalmohit12/status/1624505254459977728,
1624389658464452612,agrawalmohit12,,,,,,,,,,,,,,https://twitter.com/agrawalmohit12/status/1624389658464452612,
1624389656182677504,agrawalmohit12,,,,,,,,,,,,,,https://twitter.com/agrawalmohit12/status/1624389656182677504,
1624389653158629379,agrawalmohit12,,,,,,,,,,,,,,https://twitter.com/agrawalmohit12/status/1624389653158629379,
1624380481570578434,agrawalmohit12,,,,,,,,,,,,,,https://twitter.com/agrawalmohit12/status/1624380481570578434,
1624017457164738565,agrawalmohit12,,,,,,,,,,,,,,https://twitter.com/agrawalmohit12/status/1624017457164738565,
1623678169034137602,agrawalmohit12,,,,,,,,,,,,,,https://twitter.com/agrawalmohit12/status/1623678169034137602,
1622931092683513856,agrawalmohit12,,,,,,,,,,,,,,https://twitter.com/agrawalmohit12/status/1622931092683513856,
1622931090951270400,agrawalmohit12,,,,,,,,,,,,,,https://twitter.com/agrawalmohit12/status/1622931090951270400,
1622859121568391168,agrawalmohit12,,,,,,,,,,,,,,https://twitter.com/agrawalmohit12/status/1622859121568391168,
1621133388949118977,agrawalmohit12,,,,,,,,,,,,,,https://twitter.com/agrawalmohit12/status/1621133388949118977,
1621059116159606785,agrawalmohit12,,,,,,,,,,,,,,https://twitter.com/agrawalmohit12/status/1621059116159606785,
1621058864975339520,agrawalmohit12,,,,,,,,,,,,,,https://twitter.com/agrawalmohit12/status/1621058864975339520,
1621025995968086018,agrawalmohit12,,,,,,,,,,,,,,https://twitter.com/agrawalmohit12/status/1621025995968086018,
1621025737284390914,agrawalmohit12,,,,,,,,,,,,,,https://twitter.com/agrawalmohit12/status/1621025737284390914,
1621025067327963136,agrawalmohit12,,,,,,,,,,,,,,https://twitter.com/agrawalmohit12/status/1621025067327963136,
1620906407158759429,agrawalmohit12,,,,,,,,,,,,,,https://twitter.com/agrawalmohit12/status/1620906407158759429,
1620905009754869761,agrawalmohit12,,,,,,,,,,,,,,https://twitter.com/agrawalmohit12/status/1620905009754869761,
1620892306747572224,agrawalmohit12,,,,,,,,,,,,,,https://twitter.com/agrawalmohit12/status/1620892306747572224,
1620877412107161600,agrawalmohit12,,,,,,,,,,,,,,https://twitter.com/agrawalmohit12/status/1620877412107161600,
1620876617043316737,agrawalmohit12,,,,,,,,,,,,,,https://twitter.com/agrawalmohit12/status/1620876617043316737,
1620185357961789441,agrawalmohit12,,,,,,,,,,,,,,https://twitter.com/agrawalmohit12/status/1620185357961789441,
1619928018486702081,agrawalmohit12,,,,,,,,,,,,,,https://twitter.com/agrawalmohit12/status/1619928018486702081,
1619923443729977345,agrawalmohit12,,,,,,,,,,,,,,https://twitter.com/agrawalmohit12/status/1619923443729977345,
1619916354727067648,agrawalmohit12,,,,,,,,,,,,,,https://twitter.com/agrawalmohit12/status/1619916354727067648,
1619914830714130432,agrawalmohit12,,,,,,,,,,,,,,https://twitter.com/agrawalmohit12/status/1619914830714130432,
1619799408098549762,agrawalmohit12,,,,,,,,,,,,,,https://twitter.com/agrawalmohit12/status/1619799408098549762,
1619792773888229376,agrawalmohit12,,,,,,,,,,,,,,https://twitter.com/agrawalmohit12/status/1619792773888229376,
1619445995682816000,agrawalmohit12,,,,,,,,,,,,,,https://twitter.com/agrawalmohit12/status/1619445995682816000,
1619076527215505408,agrawalmohit12,,,,,,,,,,,,,,https://twitter.com/agrawalmohit12/status/1619076527215505408,
1619076520756256768,agrawalmohit12,,,,,,,,,,,,,,https://twitter.com/agrawalmohit12/status/1619076520756256768,
1618864130433196036,agrawalmohit12,,,,,,,,,,,,,,https://twitter.com/agrawalmohit12/status/1618864130433196036,
1618625323322728449,agrawalmohit12,,,,,,,,,,,,,,https://twitter.com/agrawalmohit12/status/1618625323322728449,
1618616811125370880,agrawalmohit12,,,,,,,,,,,,,,https://twitter.com/agrawalmohit12/status/1618616811125370880,
1618566528286195713,agrawalmohit12,,,,,,,,,,,,,,https://twitter.com/agrawalmohit12/status/1618566528286195713,
1618500883355934721,agrawalmohit12,,,,,,,,,,,,,,https://twitter.com/agrawalmohit12/status/1618500883355934721,
1618190747832057857,agrawalmohit12,,,,,,,,,,,,,,https://twitter.com/agrawalmohit12/status/1618190747832057857,
1618160367569604608,agrawalmohit12,,,,,,,,,,,,,,https://twitter.com/agrawalmohit12/status/1618160367569604608,
1618018523162497024,DividendWave,,,,,,,,,,,,,,https://twitter.com/DividendWave/status/1618018523162497024,
1618091889449918466,agrawalmohit12,,,,,,,,,,,,,,https://twitter.com/agrawalmohit12/status/1618091889449918466,
1618090093771907072,agrawalmohit12,,,,,,,,,,,,,,https://twitter.com/agrawalmohit12/status/1618090093771907072,
1618089228247896066,agrawalmohit12,,,,,,,,,,,,,,https://twitter.com/agrawalmohit12/status/1618089228247896066,
1617649208185720846,agrawalmohit12,,,,,,,,,,,,,,https://twitter.com/agrawalmohit12/status/1617649208185720846,
1617648560035729413,agrawalmohit12,,,,,,,,,,,,,,https://twitter.com/agrawalmohit12/status/1617648560035729413,
1617638219855859712,agrawalmohit12,,,,,,,,,,,,,,https://twitter.com/agrawalmohit12/status/1617638219855859712,
1617633381533224963,agrawalmohit12,,,,,,,,,,,,,,https://twitter.com/agrawalmohit12/status/1617633381533224963,
1617554330990542849,TSOH_Investing,,,,,,,,,,,,,,https://twitter.com/TSOH_Investing/status/1617554330990542849,
1617631750355836928,agrawalmohit12,,,,,,,,,,,,,,https://twitter.com/agrawalmohit12/status/1617631750355836928,
1617631325057617920,agrawalmohit12,,,,,,,,,,,,,,https://twitter.com/agrawalmohit12/status/1617631325057617920,
1617631322310336514,agrawalmohit12,,,,,,,,,,,,,,https://twitter.com/agrawalmohit12/status/1617631322310336514,
1617631319479185409,agrawalmohit12,,,,,,,,,,,,,,https://twitter.com/agrawalmohit12/status/1617631319479185409,
1617631316304101380,agrawalmohit12,,,,,,,,,,,,,,https://twitter.com/agrawalmohit12/status/1617631316304101380,
1617631313519083522,agrawalmohit12,,,,,,,,,,,,,,https://twitter.com/agrawalmohit12/status/1617631313519083522,
1617631310830534663,agrawalmohit12,,,,,,,,,,,,,,https://twitter.com/agrawalmohit12/status/1617631310830534663,
1617631308016152576,agrawalmohit12,,,,,,,,,,,,,,https://twitter.com/agrawalmohit12/status/1617631308016152576,
1617631305239523329,agrawalmohit12,,,,,,,,,,,,,,https://twitter.com/agrawalmohit12/status/1617631305239523329,
1617631302433538048,agrawalmohit12,,,,,,,,,,,,,,https://twitter.com/agrawalmohit12/status/1617631302433538048,
1617631299476541440,agrawalmohit12,,,,,,,,,,,,,,https://twitter.com/agrawalmohit12/status/1617631299476541440,
1617631295479353346,agrawalmohit12,,,,,,,,,,,,,,https://twitter.com/agrawalmohit12/status/1617631295479353346,
1617574859931893775,agrawalmohit12,,,,,,,,,,,,,,https://twitter.com/agrawalmohit12/status/1617574859931893775,
1617561680468398081,agrawalmohit12,,,,,,,,,,,,,,https://twitter.com/agrawalmohit12/status/1617561680468398081,
1616890739929104384,agrawalmohit12,,,,,,,,,,,,,,https://twitter.com/agrawalmohit12/status/1616890739929104384,
1616877676819582977,agrawalmohit12,,,,,,,,,,,,,,https://twitter.com/agrawalmohit12/status/1616877676819582977,
1616750052847894530,agrawalmohit12,,,,,,,,,,,,,,https://twitter.com/agrawalmohit12/status/1616750052847894530,
1616729255034880001,agrawalmohit12,,,,,,,,,,,,,,https://twitter.com/agrawalmohit12/status/1616729255034880001,
1616290666144796672,agrawalmohit12,,,,,,,,,,,,,,https://twitter.com/agrawalmohit12/status/1616290666144796672,
1616184153195839488,agrawalmohit12,,,,,,,,,,,,,,https://twitter.com/agrawalmohit12/status/1616184153195839488,
1616184146547589127,agrawalmohit12,,,,,,,,,,,,,,https://twitter.com/agrawalmohit12/status/1616184146547589127,
1616182594475020290,agrawalmohit12,,,,,,,,,,,,,,https://twitter.com/agrawalmohit12/status/1616182594475020290,
1616134482607718400,agrawalmohit12,,,,,,,,,,,,,,https://twitter.com/agrawalmohit12/status/1616134482607718400,
1616076216418848769,agrawalmohit12,,,,,,,,,,,,,,https://twitter.com/agrawalmohit12/status/1616076216418848769,
1616069900664987650,agrawalmohit12,,,,,,,,,,,,,,https://twitter.com/agrawalmohit12/status/1616069900664987650,
1615991795820666880,agrawalmohit12,,,,,,,,,,,,,,https://twitter.com/agrawalmohit12/status/1615991795820666880,
1615724333002854406,agrawalmohit12,,,,,,,,,,,,,,https://twitter.com/agrawalmohit12/status/1615724333002854406,
1615236264009281536,agrawalmohit12,,,,,,,,,,,,,,https://twitter.com/agrawalmohit12/status/1615236264009281536,
1614709170208399360,agrawalmohit12,,,,,,,,,,,,,,https://twitter.com/agrawalmohit12/status/1614709170208399360,
1614640233500352513,agrawalmohit12,,,,,,,,,,,,,,https://twitter.com/agrawalmohit12/status/1614640233500352513,
1614194138190327808,investor_vineet,,,,,,,,,,,,,,https://twitter.com/investor_vineet/status/1614194138190327808,
1614030724624949255,agrawalmohit12,,,,,,,,,,,,,,https://twitter.com/agrawalmohit12/status/1614030724624949255,
1614013491421011970,agrawalmohit12,,,,,,,,,,,,,,https://twitter.com/agrawalmohit12/status/1614013491421011970,
1614012669702414336,agrawalmohit12,,,,,,,,,,,,,,https://twitter.com/agrawalmohit12/status/1614012669702414336,
1613963977037434883,agrawalmohit12,,,,,,,,,,,,,,https://twitter.com/agrawalmohit12/status/1613963977037434883,
1613962703218921472,agrawalmohit12,,,,,,,,,,,,,,https://twitter.com/agrawalmohit12/status/1613962703218921472,
1613941281620905985,agrawalmohit12,,,,,,,,,,,,,,https://twitter.com/agrawalmohit12/status/1613941281620905985,
1613913266933358593,agrawalmohit12,,,,,,,,,,,,,,https://twitter.com/agrawalmohit12/status/1613913266933358593,
1613913264466923520,agrawalmohit12,,,,,,,,,,,,,,https://twitter.com/agrawalmohit12/status/1613913264466923520,
1613891837617664002,agrawalmohit12,,,,,,,,,,,,,,https://twitter.com/agrawalmohit12/status/1613891837617664002,
1613891834060865537,agrawalmohit12,,,,,,,,,,,,,,https://twitter.com/agrawalmohit12/status/1613891834060865537,
1613649885126877185,agrawalmohit12,,,,,,,,,,,,,,https://twitter.com/agrawalmohit12/status/1613649885126877185,
1613647969256972292,agrawalmohit12,,,,,,,,,,,,,,https://twitter.com/agrawalmohit12/status/1613647969256972292,
1613647966870413325,agrawalmohit12,,,,,,,,,,,,,,https://twitter.com/agrawalmohit12/status/1613647966870413325,
1613647957915467781,agrawalmohit12,,,,,,,,,,,,,,https://twitter.com/agrawalmohit12/status/1613647957915467781,
1613647954262335500,agrawalmohit12,,,,,,,,,,,,,,https://twitter.com/agrawalmohit12/status/1613647954262335500,
1613638716832063488,agrawalmohit12,,,,,,,,,,,,,,https://twitter.com/agrawalmohit12/status/1613638716832063488,
1613549617827966978,agrawalmohit12,,,,,,,,,,,,,,https://twitter.com/agrawalmohit12/status/1613549617827966978,
1613535691434074114,agrawalmohit12,,,,,,,,,,,,,,https://twitter.com/agrawalmohit12/status/1613535691434074114,
1613535192744091650,agrawalmohit12,,,,,,,,,,,,,,https://twitter.com/agrawalmohit12/status/1613535192744091650,
1613535190525087744,agrawalmohit12,,,,,,,,,,,,,,https://twitter.com/agrawalmohit12/status/1613535190525087744,
1613509992824573953,agrawalmohit12,,,,,,,,,,,,,,https://twitter.com/agrawalmohit12/status/1613509992824573953,
1613509990051987458,agrawalmohit12,,,,,,,,,,,,,,https://twitter.com/agrawalmohit12/status/1613509990051987458,
1613508063343923201,agrawalmohit12,,,,,,,,,,,,,,https://twitter.com/agrawalmohit12/status/1613508063343923201,
1613501911491137538,agrawalmohit12,,,,,,,,,,,,,,https://twitter.com/agrawalmohit12/status/1613501911491137538,
1613501656964165632,agrawalmohit12,,,,,,,,,,,,,,https://twitter.com/agrawalmohit12/status/1613501656964165632,
1613348519674544129,mastersinvest,,,,,,,,,,,,,,https://twitter.com/mastersinvest/status/1613348519674544129,
1613454585657434112,agrawalmohit12,,,,,,,,,,,,,,https://twitter.com/agrawalmohit12/status/1613454585657434112,
1613454583702904833,agrawalmohit12,,,,,,,,,,,,,,https://twitter.com/agrawalmohit12/status/1613454583702904833,
1613276844333191181,agrawalmohit12,,,,,,,,,,,,,,https://twitter.com/agrawalmohit12/status/1613276844333191181,
1613276584877740035,agrawalmohit12,,,,,,,,,,,,,,https://twitter.com/agrawalmohit12/status/1613276584877740035,
1613276583212601359,agrawalmohit12,,,,,,,,,,,,,,https://twitter.com/agrawalmohit12/status/1613276583212601359,
1613276581149151232,agrawalmohit12,,,,,,,,,,,,,,https://twitter.com/agrawalmohit12/status/1613276581149151232,
1613276579341426688,agrawalmohit12,,,,,,,,,,,,,,https://twitter.com/agrawalmohit12/status/1613276579341426688,
1613276577470599170,agrawalmohit12,,,,,,,,,,,,,,https://twitter.com/agrawalmohit12/status/1613276577470599170,
1613276575482449920,agrawalmohit12,,,,,,,,,,,,,,https://twitter.com/agrawalmohit12/status/1613276575482449920,
1613276573108523011,agrawalmohit12,,,,,,,,,,,,,,https://twitter.com/agrawalmohit12/status/1613276573108523011,
1613274934301675524,agrawalmohit12,,,,,,,,,,,,,,https://twitter.com/agrawalmohit12/status/1613274934301675524,
1613274811106721793,agrawalmohit12,,,,,,,,,,,,,,https://twitter.com/agrawalmohit12/status/1613274811106721793,
1613274809353359384,agrawalmohit12,,,,,,,,,,,,,,https://twitter.com/agrawalmohit12/status/1613274809353359384,
1613274807725850625,agrawalmohit12,,,,,,,,,,,,,,https://twitter.com/agrawalmohit12/status/1613274807725850625,
1613274805981122560,agrawalmohit12,,,,,,,,,,,,,,https://twitter.com/agrawalmohit12/status/1613274805981122560,
1613274804320194561,agrawalmohit12,,,,,,,,,,,,,,https://twitter.com/agrawalmohit12/status/1613274804320194561,
1613274802692804621,agrawalmohit12,,,,,,,,,,,,,,https://twitter.com/agrawalmohit12/status/1613274802692804621,
1613273273109827594,agrawalmohit12,,,,,,,,,,,,,,https://twitter.com/agrawalmohit12/status/1613273273109827594,
1613272747328823296,agrawalmohit12,,,,,,,,,,,,,,https://twitter.com/agrawalmohit12/status/1613272747328823296,
1613272436060966912,agrawalmohit12,,,,,,,,,,,,,,https://twitter.com/agrawalmohit12/status/1613272436060966912,
1613272433884123143,agrawalmohit12,,,,,,,,,,,,,,https://twitter.com/agrawalmohit12/status/1613272433884123143,
1612930839796408321,agrawalmohit12,,,,,,,,,,,,,,https://twitter.com/agrawalmohit12/status/1612930839796408321,
1612913835702194176,agrawalmohit12,,,,,,,,,,,,,,https://twitter.com/agrawalmohit12/status/1612913835702194176,
1612908880417136653,agrawalmohit12,,,,,,,,,,,,,,https://twitter.com/agrawalmohit12/status/1612908880417136653,
1612908878227709964,agrawalmohit12,,,,,,,,,,,,,,https://twitter.com/agrawalmohit12/status/1612908878227709964,
1612908875941814287,agrawalmohit12,,,,,,,,,,,,,,https://twitter.com/agrawalmohit12/status/1612908875941814287,
1612908874054438913,agrawalmohit12,,,,,,,,,,,,,,https://twitter.com/agrawalmohit12/status/1612908874054438913,
1612455870926917632,agrawalmohit12,,,,,,,,,,,,,,https://twitter.com/agrawalmohit12/status/1612455870926917632,
1612455537232199681,agrawalmohit12,,,,,,,,,,,,,,https://twitter.com/agrawalmohit12/status/1612455537232199681,
1612401071741337606,agrawalmohit12,,,,,,,,,,,,,,https://twitter.com/agrawalmohit12/status/1612401071741337606,
1612400519854669824,agrawalmohit12,,,,,,,,,,,,,,https://twitter.com/agrawalmohit12/status/1612400519854669824,
1612210290220843010,agrawalmohit12,,,,,,,,,,,,,,https://twitter.com/agrawalmohit12/status/1612210290220843010,
1611820371077992448,agrawalmohit12,,,,,,,,,,,,,,https://twitter.com/agrawalmohit12/status/1611820371077992448,
1611683891449831425,agrawalmohit12,,,,,,,,,,,,,,https://twitter.com/agrawalmohit12/status/1611683891449831425,
1611683444819660800,agrawalmohit12,,,,,,,,,,,,,,https://twitter.com/agrawalmohit12/status/1611683444819660800,
1611683062521253891,agrawalmohit12,,,,,,,,,,,,,,https://twitter.com/agrawalmohit12/status/1611683062521253891,
1611472326469775360,agrawalmohit12,,,,,,,,,,,,,,https://twitter.com/agrawalmohit12/status/1611472326469775360,
1611435094572470293,agrawalmohit12,,,,,,,,,,,,,,https://twitter.com/agrawalmohit12/status/1611435094572470293,
1611422113143099392,agrawalmohit12,,,,,,,,,,,,,,https://twitter.com/agrawalmohit12/status/1611422113143099392,
1611386610242682880,agrawalmohit12,,,,,,,,,,,,,,https://twitter.com/agrawalmohit12/status/1611386610242682880,
1611275798144774147,agrawalmohit12,,,,,,,,,,,,,,https://twitter.com/agrawalmohit12/status/1611275798144774147,
1611273893108490241,agrawalmohit12,,,,,,,,,,,,,,https://twitter.com/agrawalmohit12/status/1611273893108490241,
1611271184473264128,agrawalmohit12,,,,,,,,,,,,,,https://twitter.com/agrawalmohit12/status/1611271184473264128,
1611117405526265856,agrawalmohit12,,,,,,,,,,,,,,https://twitter.com/agrawalmohit12/status/1611117405526265856,
1610902103018315776,agrawalmohit12,,,,,,,,,,,,,,https://twitter.com/agrawalmohit12/status/1610902103018315776,
1610688421298855936,agrawalmohit12,,,,,,,,,,,,,,https://twitter.com/agrawalmohit12/status/1610688421298855936,
1610626398661525509,agrawalmohit12,,,,,,,,,,,,,,https://twitter.com/agrawalmohit12/status/1610626398661525509,
1610624222203711489,agrawalmohit12,,,,,,,,,,,,,,https://twitter.com/agrawalmohit12/status/1610624222203711489,
1610624219490168832,agrawalmohit12,,,,,,,,,,,,,,https://twitter.com/agrawalmohit12/status/1610624219490168832,
1610624216986161154,agrawalmohit12,,,,,,,,,,,,,,https://twitter.com/agrawalmohit12/status/1610624216986161154,
1610624214565879809,agrawalmohit12,,,,,,,,,,,,,,https://twitter.com/agrawalmohit12/status/1610624214565879809,
1610624212607156229,agrawalmohit12,,,,,,,,,,,,,,https://twitter.com/agrawalmohit12/status/1610624212607156229,
1610624210019258371,agrawalmohit12,,,,,,,,,,,,,,https://twitter.com/agrawalmohit12/status/1610624210019258371,
1610624207829798914,agrawalmohit12,,,,,,,,,,,,,,https://twitter.com/agrawalmohit12/status/1610624207829798914,
1610624205158252545,agrawalmohit12,,,,,,,,,,,,,,https://twitter.com/agrawalmohit12/status/1610624205158252545,
1610624202188390401,agrawalmohit12,,,,,,,,,,,,,,https://twitter.com/agrawalmohit12/status/1610624202188390401,
1610282782655418374,agrawalmohit12,,,,,,,,,,,,,,https://twitter.com/agrawalmohit12/status/1610282782655418374,
1610270773381562370,agrawalmohit12,,,,,,,,,,,,,,https://twitter.com/agrawalmohit12/status/1610270773381562370,
1609835740145352704,agrawalmohit12,,,,,,,,,,,,,,https://twitter.com/agrawalmohit12/status/1609835740145352704,
1609310323038633985,agrawalmohit12,,,,,,,,,,,,,,https://twitter.com/agrawalmohit12/status/1609310323038633985,
1609506014243741696,agrawalmohit12,,,,,,,,,,,,,,https://twitter.com/agrawalmohit12/status/1609506014243741696,
1609266491819528194,agrawalmohit12,,,,,,,,,,,,,,https://twitter.com/agrawalmohit12/status/1609266491819528194,
1609258602300346371,agrawalmohit12,,,,,,,,,,,,,,https://twitter.com/agrawalmohit12/status/1609258602300346371,
1609169210105528320,agrawalmohit12,,,,,,,,,,,,,,https://twitter.com/agrawalmohit12/status/1609169210105528320,
1608955117025521665,agrawalmohit12,,,,,,,,,,,,,,https://twitter.com/agrawalmohit12/status/1608955117025521665,
1608954938000019456,agrawalmohit12,,,,,,,,,,,,,,https://twitter.com/agrawalmohit12/status/1608954938000019456,
1608861894970052609,agrawalmohit12,,,,,,,,,,,,,,https://twitter.com/agrawalmohit12/status/1608861894970052609,
1608783816096911364,agrawalmohit12,,,,,,,,,,,,,,https://twitter.com/agrawalmohit12/status/1608783816096911364,
1608565110121062400,agrawalmohit12,,,,,,,,,,,,,,https://twitter.com/agrawalmohit12/status/1608565110121062400,
1608405170416754693,agrawalmohit12,,,,,,,,,,,,,,https://twitter.com/agrawalmohit12/status/1608405170416754693,
1608006181028794369,agrawalmohit12,,,,,,,,,,,,,,https://twitter.com/agrawalmohit12/status/1608006181028794369,
1607849000035573762,agrawalmohit12,,,,,,,,,,,,,,https://twitter.com/agrawalmohit12/status/1607849000035573762,
1607741600318234626,agrawalmohit12,,,,,,,,,,,,,,https://twitter.com/agrawalmohit12/status/1607741600318234626,
1607435433704673281,agrawalmohit12,,,,,,,,,,,,,,https://twitter.com/agrawalmohit12/status/1607435433704673281,
1607393932882677761,agrawalmohit12,,,,,,,,,,,,,,https://twitter.com/agrawalmohit12/status/1607393932882677761,
1605644073368371200,agrawalmohit12,,,,,,,,,,,,,,https://twitter.com/agrawalmohit12/status/1605644073368371200,
1604589730858934274,agrawalmohit12,,,,,,,,,,,,,,https://twitter.com/agrawalmohit12/status/1604589730858934274,
1604588792308006912,agrawalmohit12,,,,,,,,,,,,,,https://twitter.com/agrawalmohit12/status/1604588792308006912,
1604587622764003328,agrawalmohit12,,,,,,,,,,,,,,https://twitter.com/agrawalmohit12/status/1604587622764003328,
1604539764262461440,agrawalmohit12,,,,,,,,,,,,,,https://twitter.com/agrawalmohit12/status/1604539764262461440,
1604537517071429633,agrawalmohit12,,,,,,,,,,,,,,https://twitter.com/agrawalmohit12/status/1604537517071429633,
1604536502788427776,agrawalmohit12,,,,,,,,,,,,,,https://twitter.com/agrawalmohit12/status/1604536502788427776,
1604535597796044800,agrawalmohit12,,,,,,,,,,,,,,https://twitter.com/agrawalmohit12/status/1604535597796044800,
1604532967136563202,agrawalmohit12,,,,,,,,,,,,,,https://twitter.com/agrawalmohit12/status/1604532967136563202,
1604532330395308035,agrawalmohit12,,,,,,,,,,,,,,https://twitter.com/agrawalmohit12/status/1604532330395308035,
1604531925854859264,agrawalmohit12,,,,,,,,,,,,,,https://twitter.com/agrawalmohit12/status/1604531925854859264,
1604530237810917378,agrawalmohit12,,,,,,,,,,,,,,https://twitter.com/agrawalmohit12/status/1604530237810917378,
1604529809295806464,agrawalmohit12,,,,,,,,,,,,,,https://twitter.com/agrawalmohit12/status/1604529809295806464,
1604523731363147776,agrawalmohit12,,,,,,,,,,,,,,https://twitter.com/agrawalmohit12/status/1604523731363147776,
1604523335861161986,agrawalmohit12,,,,,,,,,,,,,,https://twitter.com/agrawalmohit12/status/1604523335861161986,
1604501620657643523,agrawalmohit12,,,,,,,,,,,,,,https://twitter.com/agrawalmohit12/status/1604501620657643523,
1604497849508569091,agrawalmohit12,,,,,,,,,,,,,,https://twitter.com/agrawalmohit12/status/1604497849508569091,
1604493205193773057,agrawalmohit12,,,,,,,,,,,,,,https://twitter.com/agrawalmohit12/status/1604493205193773057,
1603782956551704577,agrawalmohit12,,,,,,,,,,,,,,https://twitter.com/agrawalmohit12/status/1603782956551704577,
1603140532502503424,agrawalmohit12,,,,,,,,,,,,,,https://twitter.com/agrawalmohit12/status/1603140532502503424,
1603110234930941952,agrawalmohit12,,,,,,,,,,,,,,https://twitter.com/agrawalmohit12/status/1603110234930941952,
1602923957916770304,agrawalmohit12,,,,,,,,,,,,,,https://twitter.com/agrawalmohit12/status/1602923957916770304,
1602645443518799873,agrawalmohit12,,,,,,,,,,,,,,https://twitter.com/agrawalmohit12/status/1602645443518799873,
1602538518664085504,BigBullCap,,,,,,,,,,,,,,https://twitter.com/BigBullCap/status/1602538518664085504,
1602644882077765632,agrawalmohit12,,,,,,,,,,,,,,https://twitter.com/agrawalmohit12/status/1602644882077765632,
1602397666712981504,agrawalmohit12,,,,,,,,,,,,,,https://twitter.com/agrawalmohit12/status/1602397666712981504,
1602025719538012160,agrawalmohit12,,,,,,,,,,,,,,https://twitter.com/agrawalmohit12/status/1602025719538012160,
1601996658417586177,agrawalmohit12,,,,,,,,,,,,,,https://twitter.com/agrawalmohit12/status/1601996658417586177,
1600359754282442753,agrawalmohit12,,,,,,,,,,,,,,https://twitter.com/agrawalmohit12/status/1600359754282442753,
1600359749358215169,agrawalmohit12,,,,,,,,,,,,,,https://twitter.com/agrawalmohit12/status/1600359749358215169,
1600186182754705408,agrawalmohit12,,,,,,,,,,,,,,https://twitter.com/agrawalmohit12/status/1600186182754705408,
1600185424755892224,agrawalmohit12,,,,,,,,,,,,,,https://twitter.com/agrawalmohit12/status/1600185424755892224,
1600062099278876673,agrawalmohit12,,,,,,,,,,,,,,https://twitter.com/agrawalmohit12/status/1600062099278876673,
1599628065570983936,agrawalmohit12,,,,,,,,,,,,,,https://twitter.com/agrawalmohit12/status/1599628065570983936,
1599584270192082944,agrawalmohit12,,,,,,,,,,,,,,https://twitter.com/agrawalmohit12/status/1599584270192082944,
1598876214433042432,agrawalmohit12,,,,,,,,,,,,,,https://twitter.com/agrawalmohit12/status/1598876214433042432,
1598551840710307843,agrawalmohit12,,,,,,,,,,,,,,https://twitter.com/agrawalmohit12/status/1598551840710307843,
1598183546916868096,agrawalmohit12,,,,,,,,,,,,,,https://twitter.com/agrawalmohit12/status/1598183546916868096,
1597785586689273862,agrawalmohit12,,,,,,,,,,,,,,https://twitter.com/agrawalmohit12/status/1597785586689273862,
1597591329780924416,agrawalmohit12,,,,,,,,,,,,,,https://twitter.com/agrawalmohit12/status/1597591329780924416,
1597461864832978944,agrawalmohit12,,,,,,,,,,,,,,https://twitter.com/agrawalmohit12/status/1597461864832978944,
1597227618281349121,agrawalmohit12,,,,,,,,,,,,,,https://twitter.com/agrawalmohit12/status/1597227618281349121,
1596733841708056576,agrawalmohit12,,,,,,,,,,,,,,https://twitter.com/agrawalmohit12/status/1596733841708056576,
1595976501421568000,agrawalmohit12,,,,,,,,,,,,,,https://twitter.com/agrawalmohit12/status/1595976501421568000,
1595751889886654464,agrawalmohit12,,,,,,,,,,,,,,https://twitter.com/agrawalmohit12/status/1595751889886654464,
1595455890089738240,agrawalmohit12,,,,,,,,,,,,,,https://twitter.com/agrawalmohit12/status/1595455890089738240,
1593510851130011650,agrawalmohit12,,,,,,,,,,,,,,https://twitter.com/agrawalmohit12/status/1593510851130011650,
1593510608866926593,agrawalmohit12,,,,,,,,,,,,,,https://twitter.com/agrawalmohit12/status/1593510608866926593,
1593510595742998528,agrawalmohit12,,,,,,,,,,,,,,https://twitter.com/agrawalmohit12/status/1593510595742998528,
1593510550754820096,agrawalmohit12,,,,,,,,,,,,,,https://twitter.com/agrawalmohit12/status/1593510550754820096,
1593510547693088769,agrawalmohit12,,,,,,,,,,,,,,https://twitter.com/agrawalmohit12/status/1593510547693088769,
1592659965025865728,agrawalmohit12,,,,,,,,,,,,,,https://twitter.com/agrawalmohit12/status/1592659965025865728,
1592656124439711744,agrawalmohit12,,,,,,,,,,,,,,https://twitter.com/agrawalmohit12/status/1592656124439711744,
1592653649792053249,agrawalmohit12,,,,,,,,,,,,,,https://twitter.com/agrawalmohit12/status/1592653649792053249,
1592547462627348481,agrawalmohit12,,,,,,,,,,,,,,https://twitter.com/agrawalmohit12/status/1592547462627348481,
1592533664646193157,agrawalmohit12,,,,,,,,,,,,,,https://twitter.com/agrawalmohit12/status/1592533664646193157,
1592265147023851521,StockMarketNerd,,,,,,,,,,,,,,https://twitter.com/StockMarketNerd/status/1592265147023851521,
1590880169862270977,agrawalmohit12,,,,,,,,,,,,,,https://twitter.com/agrawalmohit12/status/1590880169862270977,
1590720579203903488,agrawalmohit12,,,,,,,,,,,,,,https://twitter.com/agrawalmohit12/status/1590720579203903488,
1590713981387542529,agrawalmohit12,,,,,,,,,,,,,,https://twitter.com/agrawalmohit12/status/1590713981387542529,
1590704918280564736,agrawalmohit12,,,,,,,,,,,,,,https://twitter.com/agrawalmohit12/status/1590704918280564736,
1589517860220862464,agrawalmohit12,,,,,,,,,,,,,,https://twitter.com/agrawalmohit12/status/1589517860220862464,
1589425052709167104,agrawalmohit12,,,,,,,,,,,,,,https://twitter.com/agrawalmohit12/status/1589425052709167104,
1588527733985796096,agrawalmohit12,,,,,,,,,,,,,,https://twitter.com/agrawalmohit12/status/1588527733985796096,
1588516915609096193,agrawalmohit12,,,,,,,,,,,,,,https://twitter.com/agrawalmohit12/status/1588516915609096193,
1588486502421389312,agrawalmohit12,,,,,,,,,,,,,,https://twitter.com/agrawalmohit12/status/1588486502421389312,
1588398887118983168,agrawalmohit12,,,,,,,,,,,,,,https://twitter.com/agrawalmohit12/status/1588398887118983168,
1588169714848894976,agrawalmohit12,,,,,,,,,,,,,,https://twitter.com/agrawalmohit12/status/1588169714848894976,
1587429797172367360,agrawalmohit12,,,,,,,,,,,,,,https://twitter.com/agrawalmohit12/status/1587429797172367360,
1587279968475619328,agrawalmohit12,,,,,,,,,,,,,,https://twitter.com/agrawalmohit12/status/1587279968475619328,
1586614348297883648,agrawalmohit12,,,,,,,,,,,,,,https://twitter.com/agrawalmohit12/status/1586614348297883648,
1586597185504055296,agrawalmohit12,,,,,,,,,,,,,,https://twitter.com/agrawalmohit12/status/1586597185504055296,
1586579219689005057,agrawalmohit12,,,,,,,,,,,,,,https://twitter.com/agrawalmohit12/status/1586579219689005057,
1586566458896969728,agrawalmohit12,,,,,,,,,,,,,,https://twitter.com/agrawalmohit12/status/1586566458896969728,
1586565320357351425,agrawalmohit12,,,,,,,,,,,,,,https://twitter.com/agrawalmohit12/status/1586565320357351425,
1586565315328372736,agrawalmohit12,,,,,,,,,,,,,,https://twitter.com/agrawalmohit12/status/1586565315328372736,
1586565310974676992,agrawalmohit12,,,,,,,,,,,,,,https://twitter.com/agrawalmohit12/status/1586565310974676992,
1586565306730024961,agrawalmohit12,,,,,,,,,,,,,,https://twitter.com/agrawalmohit12/status/1586565306730024961,
1586565297125097472,agrawalmohit12,,,,,,,,,,,,,,https://twitter.com/agrawalmohit12/status/1586565297125097472,
1586565286597394432,agrawalmohit12,,,,,,,,,,,,,,https://twitter.com/agrawalmohit12/status/1586565286597394432,
1586565282294038534,agrawalmohit12,,,,,,,,,,,,,,https://twitter.com/agrawalmohit12/status/1586565282294038534,
1586565272886185984,agrawalmohit12,,,,,,,,,,,,,,https://twitter.com/agrawalmohit12/status/1586565272886185984,
1586565262610165762,agrawalmohit12,,,,,,,,,,,,,,https://twitter.com/agrawalmohit12/status/1586565262610165762,
1586565251579121664,agrawalmohit12,,,,,,,,,,,,,,https://twitter.com/agrawalmohit12/status/1586565251579121664,
1586565242376826880,agrawalmohit12,,,,,,,,,,,,,,https://twitter.com/agrawalmohit12/status/1586565242376826880,
1586565229219307521,agrawalmohit12,,,,,,,,,,,,,,https://twitter.com/agrawalmohit12/status/1586565229219307521,
1586565218041487360,agrawalmohit12,,,,,,,,,,,,,,https://twitter.com/agrawalmohit12/status/1586565218041487360,
1586557820211990530,agrawalmohit12,,,,,,,,,,,,,,https://twitter.com/agrawalmohit12/status/1586557820211990530,
1586554179098935296,agrawalmohit12,,,,,,,,,,,,,,https://twitter.com/agrawalmohit12/status/1586554179098935296,
1586381794722869248,agrawalmohit12,,,,,,,,,,,,,,https://twitter.com/agrawalmohit12/status/1586381794722869248,
1586198680440184834,agrawalmohit12,,,,,,,,,,,,,,https://twitter.com/agrawalmohit12/status/1586198680440184834,
1585986832684437505,agrawalmohit12,,,,,,,,,,,,,,https://twitter.com/agrawalmohit12/status/1585986832684437505,
1585844640938602498,agrawalmohit12,,,,,,,,,,,,,,https://twitter.com/agrawalmohit12/status/1585844640938602498,
1585836376955957248,agrawalmohit12,,,,,,,,,,,,,,https://twitter.com/agrawalmohit12/status/1585836376955957248,
1585835330309328896,agrawalmohit12,,,,,,,,,,,,,,https://twitter.com/agrawalmohit12/status/1585835330309328896,
1585835176739082240,agrawalmohit12,,,,,,,,,,,,,,https://twitter.com/agrawalmohit12/status/1585835176739082240,
1585827197910405121,agrawalmohit12,,,,,,,,,,,,,,https://twitter.com/agrawalmohit12/status/1585827197910405121,
1585819405551734784,agrawalmohit12,,,,,,,,,,,,,,https://twitter.com/agrawalmohit12/status/1585819405551734784,
1585804814901858304,agrawalmohit12,,,,,,,,,,,,,,https://twitter.com/agrawalmohit12/status/1585804814901858304,
1585804804613238784,agrawalmohit12,,,,,,,,,,,,,,https://twitter.com/agrawalmohit12/status/1585804804613238784,
1585702687194030081,agrawalmohit12,,,,,,,,,,,,,,https://twitter.com/agrawalmohit12/status/1585702687194030081,
1585673940252270592,agrawalmohit12,,,,,,,,,,,,,,https://twitter.com/agrawalmohit12/status/1585673940252270592,
1585573525934391296,agrawalmohit12,,,,,,,,,,,,,,https://twitter.com/agrawalmohit12/status/1585573525934391296,
1585451913230680065,agrawalmohit12,,,,,,,,,,,,,,https://twitter.com/agrawalmohit12/status/1585451913230680065,
1585451909036396546,agrawalmohit12,,,,,,,,,,,,,,https://twitter.com/agrawalmohit12/status/1585451909036396546,
1585447689101402112,agrawalmohit12,,,,,,,,,,,,,,https://twitter.com/agrawalmohit12/status/1585447689101402112,
1585294854846058496,agrawalmohit12,,,,,,,,,,,,,,https://twitter.com/agrawalmohit12/status/1585294854846058496,
1585129954131333120,agrawalmohit12,,,,,,,,,,,,,,https://twitter.com/agrawalmohit12/status/1585129954131333120,
1585127143960301568,agrawalmohit12,,,,,,,,,,,,,,https://twitter.com/agrawalmohit12/status/1585127143960301568,
1585126329674256385,agrawalmohit12,,,,,,,,,,,,,,https://twitter.com/agrawalmohit12/status/1585126329674256385,
1585118942519255042,agrawalmohit12,,,,,,,,,,,,,,https://twitter.com/agrawalmohit12/status/1585118942519255042,
1585118282071257088,agrawalmohit12,,,,,,,,,,,,,,https://twitter.com/agrawalmohit12/status/1585118282071257088,
1585117197000933377,agrawalmohit12,,,,,,,,,,,,,,https://twitter.com/agrawalmohit12/status/1585117197000933377,
1585115719016271873,agrawalmohit12,,,,,,,,,,,,,,https://twitter.com/agrawalmohit12/status/1585115719016271873,
1585115497544445954,agrawalmohit12,,,,,,,,,,,,,,https://twitter.com/agrawalmohit12/status/1585115497544445954,
1585115494662934529,agrawalmohit12,,,,,,,,,,,,,,https://twitter.com/agrawalmohit12/status/1585115494662934529,
1585115491777286144,agrawalmohit12,,,,,,,,,,,,,,https://twitter.com/agrawalmohit12/status/1585115491777286144,
1585115488837070849,agrawalmohit12,,,,,,,,,,,,,,https://twitter.com/agrawalmohit12/status/1585115488837070849,
1585115485930389504,agrawalmohit12,,,,,,,,,,,,,,https://twitter.com/agrawalmohit12/status/1585115485930389504,
1585115483124432897,agrawalmohit12,,,,,,,,,,,,,,https://twitter.com/agrawalmohit12/status/1585115483124432897,
1585115478472916992,agrawalmohit12,,,,,,,,,,,,,,https://twitter.com/agrawalmohit12/status/1585115478472916992,
1585115475192975360,agrawalmohit12,,,,,,,,,,,,,,https://twitter.com/agrawalmohit12/status/1585115475192975360,
1585115468549222400,agrawalmohit12,,,,,,,,,,,,,,https://twitter.com/agrawalmohit12/status/1585115468549222400,
1585115464803684357,agrawalmohit12,,,,,,,,,,,,,,https://twitter.com/agrawalmohit12/status/1585115464803684357,
1585106011303837697,agrawalmohit12,,,,,,,,,,,,,,https://twitter.com/agrawalmohit12/status/1585106011303837697,
1585106005687701505,agrawalmohit12,,,,,,,,,,,,,,https://twitter.com/agrawalmohit12/status/1585106005687701505,
1585105993478070272,agrawalmohit12,,,,,,,,,,,,,,https://twitter.com/agrawalmohit12/status/1585105993478070272,
1585104903244238850,agrawalmohit12,,,,,,,,,,,,,,https://twitter.com/agrawalmohit12/status/1585104903244238850,
1584922520301731840,agrawalmohit12,,,,,,,,,,,,,,https://twitter.com/agrawalmohit12/status/1584922520301731840,
1584788129864904704,agrawalmohit12,,,,,,,,,,,,,,https://twitter.com/agrawalmohit12/status/1584788129864904704,
1584787082072838144,agrawalmohit12,,,,,,,,,,,,,,https://twitter.com/agrawalmohit12/status/1584787082072838144,
1584755549479915520,agrawalmohit12,,,,,,,,,,,,,,https://twitter.com/agrawalmohit12/status/1584755549479915520,
1584531303772213249,agrawalmohit12,,,,,,,,,,,,,,https://twitter.com/agrawalmohit12/status/1584531303772213249,
1584508584536076289,agrawalmohit12,,,,,,,,,,,,,,https://twitter.com/agrawalmohit12/status/1584508584536076289,
1584442508414619648,agrawalmohit12,,,,,,,,,,,,,,https://twitter.com/agrawalmohit12/status/1584442508414619648,
1584420028325076992,agrawalmohit12,,,,,,,,,,,,,,https://twitter.com/agrawalmohit12/status/1584420028325076992,
1584151410459172865,agrawalmohit12,,,,,,,,,,,,,,https://twitter.com/agrawalmohit12/status/1584151410459172865,
1584116811309625344,agrawalmohit12,,,,,,,,,,,,,,https://twitter.com/agrawalmohit12/status/1584116811309625344,
1583789139480047616,agrawalmohit12,,,,,,,,,,,,,,https://twitter.com/agrawalmohit12/status/1583789139480047616,
1583326224117825536,agrawalmohit12,,,,,,,,,,,,,,https://twitter.com/agrawalmohit12/status/1583326224117825536,
1583311550667927553,agrawalmohit12,,,,,,,,,,,,,,https://twitter.com/agrawalmohit12/status/1583311550667927553,
1583308097421836288,agrawalmohit12,,,,,,,,,,,,,,https://twitter.com/agrawalmohit12/status/1583308097421836288,
1583306803752108032,agrawalmohit12,,,,,,,,,,,,,,https://twitter.com/agrawalmohit12/status/1583306803752108032,
1583299000492400640,agrawalmohit12,,,,,,,,,,,,,,https://twitter.com/agrawalmohit12/status/1583299000492400640,
1582940947968843777,agrawalmohit12,,,,,,,,,,,,,,https://twitter.com/agrawalmohit12/status/1582940947968843777,
1582739164185124865,agrawalmohit12,,,,,,,,,,,,,,https://twitter.com/agrawalmohit12/status/1582739164185124865,
1582739161928564736,agrawalmohit12,,,,,,,,,,,,,,https://twitter.com/agrawalmohit12/status/1582739161928564736,
1582739159642669056,agrawalmohit12,,,,,,,,,,,,,,https://twitter.com/agrawalmohit12/status/1582739159642669056,
1582739157319036928,agrawalmohit12,,,,,,,,,,,,,,https://twitter.com/agrawalmohit12/status/1582739157319036928,
1582739154722783232,agrawalmohit12,,,,,,,,,,,,,,https://twitter.com/agrawalmohit12/status/1582739154722783232,
1582644607820566528,agrawalmohit12,,,,,,,,,,,,,,https://twitter.com/agrawalmohit12/status/1582644607820566528,
1582628538959601665,agrawalmohit12,,,,,,,,,,,,,,https://twitter.com/agrawalmohit12/status/1582628538959601665,
1582627553881116673,agrawalmohit12,,,,,,,,,,,,,,https://twitter.com/agrawalmohit12/status/1582627553881116673,
1582581544912576512,agrawalmohit12,,,,,,,,,,,,,,https://twitter.com/agrawalmohit12/status/1582581544912576512,
1582578574422585344,agrawalmohit12,,,,,,,,,,,,,,https://twitter.com/agrawalmohit12/status/1582578574422585344,
1582577737977724929,agrawalmohit12,,,,,,,,,,,,,,https://twitter.com/agrawalmohit12/status/1582577737977724929,
1581332118579224576,agrawalmohit12,,,,,,,,,,,,,,https://twitter.com/agrawalmohit12/status/1581332118579224576,
1581331718833049600,agrawalmohit12,,,,,,,,,,,,,,https://twitter.com/agrawalmohit12/status/1581331718833049600,
1581331714911371264,agrawalmohit12,,,,,,,,,,,,,,https://twitter.com/agrawalmohit12/status/1581331714911371264,
1581283812620742657,agrawalmohit12,,,,,,,,,,,,,,https://twitter.com/agrawalmohit12/status/1581283812620742657,
1581281573113995264,agrawalmohit12,,,,,,,,,,,,,,https://twitter.com/agrawalmohit12/status/1581281573113995264,
1581281569787871232,agrawalmohit12,,,,,,,,,,,,,,https://twitter.com/agrawalmohit12/status/1581281569787871232,
1581281566398984192,agrawalmohit12,,,,,,,,,,,,,,https://twitter.com/agrawalmohit12/status/1581281566398984192,
1581209157360754688,agrawalmohit12,,,,,,,,,,,,,,https://twitter.com/agrawalmohit12/status/1581209157360754688,
1581179270256132096,agrawalmohit12,,,,,,,,,,,,,,https://twitter.com/agrawalmohit12/status/1581179270256132096,
1581176361221513217,agrawalmohit12,,,,,,,,,,,,,,https://twitter.com/agrawalmohit12/status/1581176361221513217,
1581166743275581442,agrawalmohit12,,,,,,,,,,,,,,https://twitter.com/agrawalmohit12/status/1581166743275581442,
1580878849973186560,agrawalmohit12,,,,,,,,,,,,,,https://twitter.com/agrawalmohit12/status/1580878849973186560,
1580780689598791680,agrawalmohit12,,,,,,,,,,,,,,https://twitter.com/agrawalmohit12/status/1580780689598791680,
1580780686067105792,agrawalmohit12,,,,,,,,,,,,,,https://twitter.com/agrawalmohit12/status/1580780686067105792,
1580780682606829569,agrawalmohit12,,,,,,,,,,,,,,https://twitter.com/agrawalmohit12/status/1580780682606829569,
1580780677804367873,agrawalmohit12,,,,,,,,,,,,,,https://twitter.com/agrawalmohit12/status/1580780677804367873,
1580780674276937728,agrawalmohit12,,,,,,,,,,,,,,https://twitter.com/agrawalmohit12/status/1580780674276937728,
1580780669596102656,agrawalmohit12,,,,,,,,,,,,,,https://twitter.com/agrawalmohit12/status/1580780669596102656,
1580599871068729344,agrawalmohit12,,,,,,,,,,,,,,https://twitter.com/agrawalmohit12/status/1580599871068729344,
1580431167043514368,agrawalmohit12,,,,,,,,,,,,,,https://twitter.com/agrawalmohit12/status/1580431167043514368,
1580431164061364224,agrawalmohit12,,,,,,,,,,,,,,https://twitter.com/agrawalmohit12/status/1580431164061364224,
1580431160991047681,agrawalmohit12,,,,,,,,,,,,,,https://twitter.com/agrawalmohit12/status/1580431160991047681,
1580431157845405696,agrawalmohit12,,,,,,,,,,,,,,https://twitter.com/agrawalmohit12/status/1580431157845405696,
1579791739170131968,agrawalmohit12,,,,,,,,,,,,,,https://twitter.com/agrawalmohit12/status/1579791739170131968,
1579743613160153088,agrawalmohit12,,,,,,,,,,,,,,https://twitter.com/agrawalmohit12/status/1579743613160153088,
1579727983732199425,agrawalmohit12,,,,,,,,,,,,,,https://twitter.com/agrawalmohit12/status/1579727983732199425,
1579723102854184960,agrawalmohit12,,,,,,,,,,,,,,https://twitter.com/agrawalmohit12/status/1579723102854184960,
1579711638412095489,agrawalmohit12,,,,,,,,,,,,,,https://twitter.com/agrawalmohit12/status/1579711638412095489,
1579663789095813120,agrawalmohit12,,,,,,,,,,,,,,https://twitter.com/agrawalmohit12/status/1579663789095813120,
1579495211801399297,agrawalmohit12,,,,,,,,,,,,,,https://twitter.com/agrawalmohit12/status/1579495211801399297,
1579440250094747651,agrawalmohit12,,,,,,,,,,,,,,https://twitter.com/agrawalmohit12/status/1579440250094747651,
1579429351493619712,agrawalmohit12,,,,,,,,,,,,,,https://twitter.com/agrawalmohit12/status/1579429351493619712,
1579379493835358208,agrawalmohit12,,,,,,,,,,,,,,https://twitter.com/agrawalmohit12/status/1579379493835358208,
1579379145351778305,agrawalmohit12,,,,,,,,,,,,,,https://twitter.com/agrawalmohit12/status/1579379145351778305,
1579128701358202881,agrawalmohit12,,,,,,,,,,,,,,https://twitter.com/agrawalmohit12/status/1579128701358202881,
1579125841421692929,agrawalmohit12,,,,,,,,,,,,,,https://twitter.com/agrawalmohit12/status/1579125841421692929,
1578976980304744448,agrawalmohit12,,,,,,,,,,,,,,https://twitter.com/agrawalmohit12/status/1578976980304744448,
1578312176086892545,agrawalmohit12,,,,,,,,,,,,,,https://twitter.com/agrawalmohit12/status/1578312176086892545,
1577231291497742336,agrawalmohit12,,,,,,,,,,,,,,https://twitter.com/agrawalmohit12/status/1577231291497742336,
1575791069169491969,agrawalmohit12,,,,,,,,,,,,,,https://twitter.com/agrawalmohit12/status/1575791069169491969,
1575558394735255552,agrawalmohit12,,,,,,,,,,,,,,https://twitter.com/agrawalmohit12/status/1575558394735255552,
1575496711732023299,agrawalmohit12,,,,,,,,,,,,,,https://twitter.com/agrawalmohit12/status/1575496711732023299,
1575146626166964225,agrawalmohit12,,,,,,,,,,,,,,https://twitter.com/agrawalmohit12/status/1575146626166964225,
1574822210602434560,PythiaR,,,,,,,,,,,,,,https://twitter.com/PythiaR/status/1574822210602434560,
1574463203387609091,agrawalmohit12,,,,,,,,,,,,,,https://twitter.com/agrawalmohit12/status/1574463203387609091,
1574401884533788672,agrawalmohit12,,,,,,,,,,,,,,https://twitter.com/agrawalmohit12/status/1574401884533788672,
1574120107483316224,agrawalmohit12,,,,,,,,,,,,,,https://twitter.com/agrawalmohit12/status/1574120107483316224,
1572666378389168128,agrawalmohit12,,,,,,,,,,,,,,https://twitter.com/agrawalmohit12/status/1572666378389168128,
1572664786621546498,agrawalmohit12,,,,,,,,,,,,,,https://twitter.com/agrawalmohit12/status/1572664786621546498,
1572664076450369536,agrawalmohit12,,,,,,,,,,,,,,https://twitter.com/agrawalmohit12/status/1572664076450369536,
1572663701303431169,agrawalmohit12,,,,,,,,,,,,,,https://twitter.com/agrawalmohit12/status/1572663701303431169,
1572663400999550977,agrawalmohit12,,,,,,,,,,,,,,https://twitter.com/agrawalmohit12/status/1572663400999550977,
1572663092705648643,agrawalmohit12,,,,,,,,,,,,,,https://twitter.com/agrawalmohit12/status/1572663092705648643,
1572662370845208576,agrawalmohit12,,,,,,,,,,,,,,https://twitter.com/agrawalmohit12/status/1572662370845208576,
1572653320891924480,agrawalmohit12,,,,,,,,,,,,,,https://twitter.com/agrawalmohit12/status/1572653320891924480,
1572653075449495552,agrawalmohit12,,,,,,,,,,,,,,https://twitter.com/agrawalmohit12/status/1572653075449495552,
1572651847122558978,agrawalmohit12,,,,,,,,,,,,,,https://twitter.com/agrawalmohit12/status/1572651847122558978,
1572650967669284866,agrawalmohit12,,,,,,,,,,,,,,https://twitter.com/agrawalmohit12/status/1572650967669284866,
1572650342663458816,agrawalmohit12,,,,,,,,,,,,,,https://twitter.com/agrawalmohit12/status/1572650342663458816,
1572649965486235648,agrawalmohit12,,,,,,,,,,,,,,https://twitter.com/agrawalmohit12/status/1572649965486235648,
1572647203575066624,agrawalmohit12,,,,,,,,,,,,,,https://twitter.com/agrawalmohit12/status/1572647203575066624,
1572646377812905985,agrawalmohit12,,,,,,,,,,,,,,https://twitter.com/agrawalmohit12/status/1572646377812905985,
1572637994867195905,agrawalmohit12,,,,,,,,,,,,,,https://twitter.com/agrawalmohit12/status/1572637994867195905,
1572627964193374209,agrawalmohit12,,,,,,,,,,,,,,https://twitter.com/agrawalmohit12/status/1572627964193374209,
1572607622209216514,vonderleyen,,,,,,,,,,,,,,https://twitter.com/vonderleyen/status/1572607622209216514,
1572622464047525888,agrawalmohit12,,,,,,,,,,,,,,https://twitter.com/agrawalmohit12/status/1572622464047525888,
1572622461623050241,agrawalmohit12,,,,,,,,,,,,,,https://twitter.com/agrawalmohit12/status/1572622461623050241,
1572622459148328961,agrawalmohit12,,,,,,,,,,,,,,https://twitter.com/agrawalmohit12/status/1572622459148328961,
1572622456837509120,agrawalmohit12,,,,,,,,,,,,,,https://twitter.com/agrawalmohit12/status/1572622456837509120,
1572622453930864645,agrawalmohit12,,,,,,,,,,,,,,https://twitter.com/agrawalmohit12/status/1572622453930864645,
1572622451439190016,agrawalmohit12,,,,,,,,,,,,,,https://twitter.com/agrawalmohit12/status/1572622451439190016,
1572622449119748096,agrawalmohit12,,,,,,,,,,,,,,https://twitter.com/agrawalmohit12/status/1572622449119748096,
1572622446183985160,agrawalmohit12,,,,,,,,,,,,,,https://twitter.com/agrawalmohit12/status/1572622446183985160,
1572622442824171520,agrawalmohit12,,,,,,,,,,,,,,https://twitter.com/agrawalmohit12/status/1572622442824171520,
1572622440630566914,agrawalmohit12,,,,,,,,,,,,,,https://twitter.com/agrawalmohit12/status/1572622440630566914,
1572622437887479809,agrawalmohit12,,,,,,,,,,,,,,https://twitter.com/agrawalmohit12/status/1572622437887479809,
1572548355548643328,agrawalmohit12,,,,,,,,,,,,,,https://twitter.com/agrawalmohit12/status/1572548355548643328,
1572540967177302018,agrawalmohit12,,,,,,,,,,,,,,https://twitter.com/agrawalmohit12/status/1572540967177302018,
1572472943749529602,business,,,,,,,,,,,,,,https://twitter.com/business/status/1572472943749529602,
1572323526392037380,agrawalmohit12,,,,,,,,,,,,,,https://twitter.com/agrawalmohit12/status/1572323526392037380,
1572288294947360770,agrawalmohit12,,,,,,,,,,,,,,https://twitter.com/agrawalmohit12/status/1572288294947360770,
1572266760325238784,agrawalmohit12,,,,,,,,,,,,,,https://twitter.com/agrawalmohit12/status/1572266760325238784,
1572214596898852864,agrawalmohit12,,,,,,,,,,,,,,https://twitter.com/agrawalmohit12/status/1572214596898852864,
1571835932969508864,agrawalmohit12,,,,,,,,,,,,,,https://twitter.com/agrawalmohit12/status/1571835932969508864,
1571803205033664512,CNBCTV18Live,,,,,,,,,,,,,,https://twitter.com/CNBCTV18Live/status/1571803205033664512,
1571799862420668416,agrawalmohit12,,,,,,,,,,,,,,https://twitter.com/agrawalmohit12/status/1571799862420668416,
1570770357841457157,baxiabhishek,,,,,,,,,,,,,,https://twitter.com/baxiabhishek/status/1570770357841457157,
1570788732600733696,agrawalmohit12,,,,,,,,,,,,,,https://twitter.com/agrawalmohit12/status/1570788732600733696,
1570779333064806401,agrawalmohit12,,,,,,,,,,,,,,https://twitter.com/agrawalmohit12/status/1570779333064806401,
1570725237226082304,agrawalmohit12,,,,,,,,,,,,,,https://twitter.com/agrawalmohit12/status/1570725237226082304,
1570724600694116353,agrawalmohit12,,,,,,,,,,,,,,https://twitter.com/agrawalmohit12/status/1570724600694116353,
1570724177287516163,agrawalmohit12,,,,,,,,,,,,,,https://twitter.com/agrawalmohit12/status/1570724177287516163,
1570386951441883137,agrawalmohit12,,,,,,,,,,,,,,https://twitter.com/agrawalmohit12/status/1570386951441883137,
1569666781723201537,agrawalmohit12,,,,,,,,,,,,,,https://twitter.com/agrawalmohit12/status/1569666781723201537,
1569024516239548417,agrawalmohit12,,,,,,,,,,,,,,https://twitter.com/agrawalmohit12/status/1569024516239548417,
1569017208390692865,agrawalmohit12,,,,,,,,,,,,,,https://twitter.com/agrawalmohit12/status/1569017208390692865,
1569016707506737161,agrawalmohit12,,,,,,,,,,,,,,https://twitter.com/agrawalmohit12/status/1569016707506737161,
1568890297827868675,agrawalmohit12,,,,,,,,,,,,,,https://twitter.com/agrawalmohit12/status/1568890297827868675,
1568678379880353792,agrawalmohit12,,,,,,,,,,,,,,https://twitter.com/agrawalmohit12/status/1568678379880353792,
1568665767385903106,agrawalmohit12,,,,,,,,,,,,,,https://twitter.com/agrawalmohit12/status/1568665767385903106,
1568603000855490560,agrawalmohit12,,,,,,,,,,,,,,https://twitter.com/agrawalmohit12/status/1568603000855490560,
1568492268771737600,agrawalmohit12,,,,,,,,,,,,,,https://twitter.com/agrawalmohit12/status/1568492268771737600,
1567914953885249537,agrawalmohit12,,,,,,,,,,,,,,https://twitter.com/agrawalmohit12/status/1567914953885249537,
1567868516816019456,agrawalmohit12,,,,,,,,,,,,,,https://twitter.com/agrawalmohit12/status/1567868516816019456,
1567838056228573185,agrawalmohit12,,,,,,,,,,,,,,https://twitter.com/agrawalmohit12/status/1567838056228573185,
1567827451052433410,agrawalmohit12,,,,,,,,,,,,,,https://twitter.com/agrawalmohit12/status/1567827451052433410,
1567575870885199872,agrawalmohit12,,,,,,,,,,,,,,https://twitter.com/agrawalmohit12/status/1567575870885199872,
1567564786002444293,agrawalmohit12,,,,,,,,,,,,,,https://twitter.com/agrawalmohit12/status/1567564786002444293,
1567488693308366848,agrawalmohit12,,,,,,,,,,,,,,https://twitter.com/agrawalmohit12/status/1567488693308366848,
1567488691236397056,agrawalmohit12,,,,,,,,,,,,,,https://twitter.com/agrawalmohit12/status/1567488691236397056,
1567488689168650243,agrawalmohit12,,,,,,,,,,,,,,https://twitter.com/agrawalmohit12/status/1567488689168650243,
1567488685767102467,agrawalmohit12,,,,,,,,,,,,,,https://twitter.com/agrawalmohit12/status/1567488685767102467,
1567388784660217857,Nigel__DSouza,,,,,,,,,,,,,,https://twitter.com/Nigel__DSouza/status/1567388784660217857,
1567163847772880904,agrawalmohit12,,,,,,,,,,,,,,https://twitter.com/agrawalmohit12/status/1567163847772880904,
1567077469844291584,agrawalmohit12,,,,,,,,,,,,,,https://twitter.com/agrawalmohit12/status/1567077469844291584,
1566807718379360256,agrawalmohit12,,,,,,,,,,,,,,https://twitter.com/agrawalmohit12/status/1566807718379360256,
1566799823315107845,agrawalmohit12,,,,,,,,,,,,,,https://twitter.com/agrawalmohit12/status/1566799823315107845,
1566768087738847233,agrawalmohit12,,,,,,,,,,,,,,https://twitter.com/agrawalmohit12/status/1566768087738847233,
1566767895866216449,agrawalmohit12,,,,,,,,,,,,,,https://twitter.com/agrawalmohit12/status/1566767895866216449,
1566749880021880835,agrawalmohit12,,,,,,,,,,,,,,https://twitter.com/agrawalmohit12/status/1566749880021880835,
1566749878490898432,agrawalmohit12,,,,,,,,,,,,,,https://twitter.com/agrawalmohit12/status/1566749878490898432,
1566749876368588806,agrawalmohit12,,,,,,,,,,,,,,https://twitter.com/agrawalmohit12/status/1566749876368588806,
1566749872740597761,agrawalmohit12,,,,,,,,,,,,,,https://twitter.com/agrawalmohit12/status/1566749872740597761,
1566749871192809472,agrawalmohit12,,,,,,,,,,,,,,https://twitter.com/agrawalmohit12/status/1566749871192809472,
1566749869649399809,agrawalmohit12,,,,,,,,,,,,,,https://twitter.com/agrawalmohit12/status/1566749869649399809,
1566749868030365696,agrawalmohit12,,,,,,,,,,,,,,https://twitter.com/agrawalmohit12/status/1566749868030365696,
1566749866017144832,agrawalmohit12,,,,,,,,,,,,,,https://twitter.com/agrawalmohit12/status/1566749866017144832,
1566749861420089345,agrawalmohit12,,,,,,,,,,,,,,https://twitter.com/agrawalmohit12/status/1566749861420089345,
1566749859658534913,agrawalmohit12,,,,,,,,,,,,,,https://twitter.com/agrawalmohit12/status/1566749859658534913,
1566749858177990657,agrawalmohit12,,,,,,,,,,,,,,https://twitter.com/agrawalmohit12/status/1566749858177990657,
1566749856428969984,agrawalmohit12,,,,,,,,,,,,,,https://twitter.com/agrawalmohit12/status/1566749856428969984,
1566749854348591110,agrawalmohit12,,,,,,,,,,,,,,https://twitter.com/agrawalmohit12/status/1566749854348591110,
1566749852758941699,agrawalmohit12,,,,,,,,,,,,,,https://twitter.com/agrawalmohit12/status/1566749852758941699,
1566749849508364288,agrawalmohit12,,,,,,,,,,,,,,https://twitter.com/agrawalmohit12/status/1566749849508364288,
1566749847901933569,agrawalmohit12,,,,,,,,,,,,,,https://twitter.com/agrawalmohit12/status/1566749847901933569,
1566749846031179780,agrawalmohit12,,,,,,,,,,,,,,https://twitter.com/agrawalmohit12/status/1566749846031179780,
1566749843829178368,agrawalmohit12,,,,,,,,,,,,,,https://twitter.com/agrawalmohit12/status/1566749843829178368,
1566745641497333762,agrawalmohit12,,,,,,,,,,,,,,https://twitter.com/agrawalmohit12/status/1566745641497333762,
1566745636803907586,agrawalmohit12,,,,,,,,,,,,,,https://twitter.com/agrawalmohit12/status/1566745636803907586,
1566745631430942720,agrawalmohit12,,,,,,,,,,,,,,https://twitter.com/agrawalmohit12/status/1566745631430942720,
1566745627555414018,agrawalmohit12,,,,,,,,,,,,,,https://twitter.com/agrawalmohit12/status/1566745627555414018,
1566745623570907137,agrawalmohit12,,,,,,,,,,,,,,https://twitter.com/agrawalmohit12/status/1566745623570907137,
1566745619871551491,agrawalmohit12,,,,,,,,,,,,,,https://twitter.com/agrawalmohit12/status/1566745619871551491,
1566745617023614979,agrawalmohit12,,,,,,,,,,,,,,https://twitter.com/agrawalmohit12/status/1566745617023614979,
1566745614674788355,agrawalmohit12,,,,,,,,,,,,,,https://twitter.com/agrawalmohit12/status/1566745614674788355,
1566745612279758848,agrawalmohit12,,,,,,,,,,,,,,https://twitter.com/agrawalmohit12/status/1566745612279758848,
1566745609771667456,agrawalmohit12,,,,,,,,,,,,,,https://twitter.com/agrawalmohit12/status/1566745609771667456,
1566745606323900419,agrawalmohit12,,,,,,,,,,,,,,https://twitter.com/agrawalmohit12/status/1566745606323900419,
1566745603345977345,agrawalmohit12,,,,,,,,,,,,,,https://twitter.com/agrawalmohit12/status/1566745603345977345,
1566745600040787970,agrawalmohit12,,,,,,,,,,,,,,https://twitter.com/agrawalmohit12/status/1566745600040787970,
1566744327006703617,agrawalmohit12,,,,,,,,,,,,,,https://twitter.com/agrawalmohit12/status/1566744327006703617,
1566709072400945153,agrawalmohit12,,,,,,,,,,,,,,https://twitter.com/agrawalmohit12/status/1566709072400945153,
1566707938974224389,agrawalmohit12,,,,,,,,,,,,,,https://twitter.com/agrawalmohit12/status/1566707938974224389,
1566707934855405568,agrawalmohit12,,,,,,,,,,,,,,https://twitter.com/agrawalmohit12/status/1566707934855405568,
1565859706979209216,agrawalmohit12,,,,,,,,,,,,,,https://twitter.com/agrawalmohit12/status/1565859706979209216,
1565762123661279235,agrawalmohit12,,,,,,,,,,,,,,https://twitter.com/agrawalmohit12/status/1565762123661279235,
1565747692713742338,agrawalmohit12,,,,,,,,,,,,,,https://twitter.com/agrawalmohit12/status/1565747692713742338,
1565694304449970176,agrawalmohit12,,,,,,,,,,,,,,https://twitter.com/agrawalmohit12/status/1565694304449970176,
1565688282230439937,agrawalmohit12,,,,,,,,,,,,,,https://twitter.com/agrawalmohit12/status/1565688282230439937,
1565688277172109316,agrawalmohit12,,,,,,,,,,,,,,https://twitter.com/agrawalmohit12/status/1565688277172109316,
1565684067835805699,agrawalmohit12,,,,,,,,,,,,,,https://twitter.com/agrawalmohit12/status/1565684067835805699,
1565681625366777857,agrawalmohit12,,,,,,,,,,,,,,https://twitter.com/agrawalmohit12/status/1565681625366777857,
1565681623391166469,agrawalmohit12,,,,,,,,,,,,,,https://twitter.com/agrawalmohit12/status/1565681623391166469,
1565681621512163329,agrawalmohit12,,,,,,,,,,,,,,https://twitter.com/agrawalmohit12/status/1565681621512163329,
1565681619230507009,agrawalmohit12,,,,,,,,,,,,,,https://twitter.com/agrawalmohit12/status/1565681619230507009,
1565681616655192070,agrawalmohit12,,,,,,,,,,,,,,https://twitter.com/agrawalmohit12/status/1565681616655192070,
1565681614654525442,agrawalmohit12,,,,,,,,,,,,,,https://twitter.com/agrawalmohit12/status/1565681614654525442,
1565681612616081408,agrawalmohit12,,,,,,,,,,,,,,https://twitter.com/agrawalmohit12/status/1565681612616081408,
1565681610577543170,agrawalmohit12,,,,,,,,,,,,,,https://twitter.com/agrawalmohit12/status/1565681610577543170,
1565681607801032705,agrawalmohit12,,,,,,,,,,,,,,https://twitter.com/agrawalmohit12/status/1565681607801032705,
1565681605573853185,agrawalmohit12,,,,,,,,,,,,,,https://twitter.com/agrawalmohit12/status/1565681605573853185,
1565681603229016067,agrawalmohit12,,,,,,,,,,,,,,https://twitter.com/agrawalmohit12/status/1565681603229016067,
1565438445631291393,agrawalmohit12,,,,,,,,,,,,,,https://twitter.com/agrawalmohit12/status/1565438445631291393,
1565427883341905921,agrawalmohit12,,,,,,,,,,,,,,https://twitter.com/agrawalmohit12/status/1565427883341905921,
1565427361553825795,agrawalmohit12,,,,,,,,,,,,,,https://twitter.com/agrawalmohit12/status/1565427361553825795,
1565427359028838402,agrawalmohit12,,,,,,,,,,,,,,https://twitter.com/agrawalmohit12/status/1565427359028838402,
1565427356579336193,agrawalmohit12,,,,,,,,,,,,,,https://twitter.com/agrawalmohit12/status/1565427356579336193,
1565427353827819520,agrawalmohit12,,,,,,,,,,,,,,https://twitter.com/agrawalmohit12/status/1565427353827819520,
1565427351512645638,agrawalmohit12,,,,,,,,,,,,,,https://twitter.com/agrawalmohit12/status/1565427351512645638,
1565427349000159239,agrawalmohit12,,,,,,,,,,,,,,https://twitter.com/agrawalmohit12/status/1565427349000159239,
1565427346420662272,agrawalmohit12,,,,,,,,,,,,,,https://twitter.com/agrawalmohit12/status/1565427346420662272,
1565427343782559748,agrawalmohit12,,,,,,,,,,,,,,https://twitter.com/agrawalmohit12/status/1565427343782559748,
1565427341437927429,agrawalmohit12,,,,,,,,,,,,,,https://twitter.com/agrawalmohit12/status/1565427341437927429,
1565427338132832262,agrawalmohit12,,,,,,,,,,,,,,https://twitter.com/agrawalmohit12/status/1565427338132832262,
1565319507589189633,agrawalmohit12,,,,,,,,,,,,,,https://twitter.com/agrawalmohit12/status/1565319507589189633,
1565319505328349184,agrawalmohit12,,,,,,,,,,,,,,https://twitter.com/agrawalmohit12/status/1565319505328349184,
1565319502832832512,agrawalmohit12,,,,,,,,,,,,,,https://twitter.com/agrawalmohit12/status/1565319502832832512,
1565319500110733314,agrawalmohit12,,,,,,,,,,,,,,https://twitter.com/agrawalmohit12/status/1565319500110733314,
1565319495299866624,agrawalmohit12,,,,,,,,,,,,,,https://twitter.com/agrawalmohit12/status/1565319495299866624,
1565077536282910720,agrawalmohit12,,,,,,,,,,,,,,https://twitter.com/agrawalmohit12/status/1565077536282910720,
1565077045025062919,agrawalmohit12,,,,,,,,,,,,,,https://twitter.com/agrawalmohit12/status/1565077045025062919,
1565073574930563074,agrawalmohit12,,,,,,,,,,,,,,https://twitter.com/agrawalmohit12/status/1565073574930563074,
1565066473227403266,agrawalmohit12,,,,,,,,,,,,,,https://twitter.com/agrawalmohit12/status/1565066473227403266,
1565066466134720513,agrawalmohit12,,,,,,,,,,,,,,https://twitter.com/agrawalmohit12/status/1565066466134720513,
1564942222109380610,agrawalmohit12,,,,,,,,,,,,,,https://twitter.com/agrawalmohit12/status/1564942222109380610,
1564707536057540609,agrawalmohit12,,,,,,,,,,,,,,https://twitter.com/agrawalmohit12/status/1564707536057540609,
1564353614935719937,agrawalmohit12,,,,,,,,,,,,,,https://twitter.com/agrawalmohit12/status/1564353614935719937,
1564326648144707584,agrawalmohit12,,,,,,,,,,,,,,https://twitter.com/agrawalmohit12/status/1564326648144707584,
1564309786560286722,agrawalmohit12,,,,,,,,,,,,,,https://twitter.com/agrawalmohit12/status/1564309786560286722,
1564309784513449987,agrawalmohit12,,,,,,,,,,,,,,https://twitter.com/agrawalmohit12/status/1564309784513449987,
1564309782831550464,agrawalmohit12,,,,,,,,,,,,,,https://twitter.com/agrawalmohit12/status/1564309782831550464,
1564309778884661249,agrawalmohit12,,,,,,,,,,,,,,https://twitter.com/agrawalmohit12/status/1564309778884661249,
1564220481208713224,agrawalmohit12,,,,,,,,,,,,,,https://twitter.com/agrawalmohit12/status/1564220481208713224,
1564205108262469632,agrawalmohit12,,,,,,,,,,,,,,https://twitter.com/agrawalmohit12/status/1564205108262469632,
1564196862445424645,agrawalmohit12,,,,,,,,,,,,,,https://twitter.com/agrawalmohit12/status/1564196862445424645,
1564192307921960960,agrawalmohit12,,,,,,,,,,,,,,https://twitter.com/agrawalmohit12/status/1564192307921960960,
1564191917952454656,agrawalmohit12,,,,,,,,,,,,,,https://twitter.com/agrawalmohit12/status/1564191917952454656,
1564190507013652482,agrawalmohit12,,,,,,,,,,,,,,https://twitter.com/agrawalmohit12/status/1564190507013652482,
1564168539510038529,agrawalmohit12,,,,,,,,,,,,,,https://twitter.com/agrawalmohit12/status/1564168539510038529,
1563918242502017025,agrawalmohit12,,,,,,,,,,,,,,https://twitter.com/agrawalmohit12/status/1563918242502017025,
1563514293202874374,agrawalmohit12,,,,,,,,,,,,,,https://twitter.com/agrawalmohit12/status/1563514293202874374,
1563513011364851715,agrawalmohit12,,,,,,,,,,,,,,https://twitter.com/agrawalmohit12/status/1563513011364851715,
1563513003555028994,agrawalmohit12,,,,,,,,,,,,,,https://twitter.com/agrawalmohit12/status/1563513003555028994,
1563508877089337346,agrawalmohit12,,,,,,,,,,,,,,https://twitter.com/agrawalmohit12/status/1563508877089337346,
1563508874166292483,agrawalmohit12,,,,,,,,,,,,,,https://twitter.com/agrawalmohit12/status/1563508874166292483,
1563508871099863040,agrawalmohit12,,,,,,,,,,,,,,https://twitter.com/agrawalmohit12/status/1563508871099863040,
1563166834462900225,agrawalmohit12,,,,,,,,,,,,,,https://twitter.com/agrawalmohit12/status/1563166834462900225,
1563166627075878914,agrawalmohit12,,,,,,,,,,,,,,https://twitter.com/agrawalmohit12/status/1563166627075878914,
1563081297773244417,agrawalmohit12,,,,,,,,,,,,,,https://twitter.com/agrawalmohit12/status/1563081297773244417,
1563081295244054528,agrawalmohit12,,,,,,,,,,,,,,https://twitter.com/agrawalmohit12/status/1563081295244054528,
1563081291695661062,agrawalmohit12,,,,,,,,,,,,,,https://twitter.com/agrawalmohit12/status/1563081291695661062,
1562683341606125568,agrawalmohit12,,,,,,,,,,,,,,https://twitter.com/agrawalmohit12/status/1562683341606125568,
1562541116611653633,agrawalmohit12,,,,,,,,,,,,,,https://twitter.com/agrawalmohit12/status/1562541116611653633,
1562537935165018113,agrawalmohit12,,,,,,,,,,,,,,https://twitter.com/agrawalmohit12/status/1562537935165018113,
1562534786581024768,agrawalmohit12,,,,,,,,,,,,,,https://twitter.com/agrawalmohit12/status/1562534786581024768,
1562530096950685698,agrawalmohit12,,,,,,,,,,,,,,https://twitter.com/agrawalmohit12/status/1562530096950685698,
1562162485968441344,agrawalmohit12,,,,,,,,,,,,,,https://twitter.com/agrawalmohit12/status/1562162485968441344,
1562161813541756928,agrawalmohit12,,,,,,,,,,,,,,https://twitter.com/agrawalmohit12/status/1562161813541756928,
1562161810425487361,agrawalmohit12,,,,,,,,,,,,,,https://twitter.com/agrawalmohit12/status/1562161810425487361,
1562161807472615424,agrawalmohit12,,,,,,,,,,,,,,https://twitter.com/agrawalmohit12/status/1562161807472615424,
1562161804188475392,agrawalmohit12,,,,,,,,,,,,,,https://twitter.com/agrawalmohit12/status/1562161804188475392,
1562161801218990080,agrawalmohit12,,,,,,,,,,,,,,https://twitter.com/agrawalmohit12/status/1562161801218990080,
1562161797796347904,agrawalmohit12,,,,,,,,,,,,,,https://twitter.com/agrawalmohit12/status/1562161797796347904,
1562161795015577600,agrawalmohit12,,,,,,,,,,,,,,https://twitter.com/agrawalmohit12/status/1562161795015577600,
1562161792327077891,agrawalmohit12,,,,,,,,,,,,,,https://twitter.com/agrawalmohit12/status/1562161792327077891,
1562161790116679680,agrawalmohit12,,,,,,,,,,,,,,https://twitter.com/agrawalmohit12/status/1562161790116679680,
1562116894437658624,agrawalmohit12,,,,,,,,,,,,,,https://twitter.com/agrawalmohit12/status/1562116894437658624,
1562116349937258498,agrawalmohit12,,,,,,,,,,,,,,https://twitter.com/agrawalmohit12/status/1562116349937258498,
1562116221826469888,agrawalmohit12,,,,,,,,,,,,,,https://twitter.com/agrawalmohit12/status/1562116221826469888,
1562116217766400000,agrawalmohit12,,,,,,,,,,,,,,https://twitter.com/agrawalmohit12/status/1562116217766400000,
1562086592227024896,agrawalmohit12,,,,,,,,,,,,,,https://twitter.com/agrawalmohit12/status/1562086592227024896,
1562048524975497218,agrawalmohit12,,,,,,,,,,,,,,https://twitter.com/agrawalmohit12/status/1562048524975497218,
1562048521951318016,agrawalmohit12,,,,,,,,,,,,,,https://twitter.com/agrawalmohit12/status/1562048521951318016,
1562023439946465281,agrawalmohit12,,,,,,,,,,,,,,https://twitter.com/agrawalmohit12/status/1562023439946465281,
1561817878382329856,ashwinibirla,,,,,,,,,,,,,,https://twitter.com/ashwinibirla/status/1561817878382329856,
1561819991942520834,agrawalmohit12,,,,,,,,,,,,,,https://twitter.com/agrawalmohit12/status/1561819991942520834,
1561698144454414337,agrawalmohit12,,,,,,,,,,,,,,https://twitter.com/agrawalmohit12/status/1561698144454414337,
1561698142424371200,agrawalmohit12,,,,,,,,,,,,,,https://twitter.com/agrawalmohit12/status/1561698142424371200,
1561698140411072513,agrawalmohit12,,,,,,,,,,,,,,https://twitter.com/agrawalmohit12/status/1561698140411072513,
1561698138284490754,agrawalmohit12,,,,,,,,,,,,,,https://twitter.com/agrawalmohit12/status/1561698138284490754,
1561698135625310209,agrawalmohit12,,,,,,,,,,,,,,https://twitter.com/agrawalmohit12/status/1561698135625310209,
1561697031646838785,agrawalmohit12,,,,,,,,,,,,,,https://twitter.com/agrawalmohit12/status/1561697031646838785,
1561692115842867201,agrawalmohit12,,,,,,,,,,,,,,https://twitter.com/agrawalmohit12/status/1561692115842867201,
1561692112940404738,agrawalmohit12,,,,,,,,,,,,,,https://twitter.com/agrawalmohit12/status/1561692112940404738,
1561445306859982854,agrawalmohit12,,,,,,,,,,,,,,https://twitter.com/agrawalmohit12/status/1561445306859982854,
1560612572730195969,business,,,,,,,,,,,,,,https://twitter.com/business/status/1560612572730195969,
1561367977634631683,agrawalmohit12,,,,,,,,,,,,,,https://twitter.com/agrawalmohit12/status/1561367977634631683,
1561309543488946178,agrawalmohit12,,,,,,,,,,,,,,https://twitter.com/agrawalmohit12/status/1561309543488946178,
1561294264180645889,agrawalmohit12,,,,,,,,,,,,,,https://twitter.com/agrawalmohit12/status/1561294264180645889,
1561292757024624642,agrawalmohit12,,,,,,,,,,,,,,https://twitter.com/agrawalmohit12/status/1561292757024624642,
1561289790091296769,agrawalmohit12,,,,,,,,,,,,,,https://twitter.com/agrawalmohit12/status/1561289790091296769,
1560981671159242758,agrawalmohit12,,,,,,,,,,,,,,https://twitter.com/agrawalmohit12/status/1560981671159242758,
1560700224619823104,BloombergTV,,,,,,,,,,,,,,https://twitter.com/BloombergTV/status/1560700224619823104,
1560564678509690886,agrawalmohit12,,,,,,,,,,,,,,https://twitter.com/agrawalmohit12/status/1560564678509690886,
1560361792806830080,agrawalmohit12,,,,,,,,,,,,,,https://twitter.com/agrawalmohit12/status/1560361792806830080,
1560296043627036672,agrawalmohit12,,,,,,,,,,,,,,https://twitter.com/agrawalmohit12/status/1560296043627036672,
1559626492413444096,agrawalmohit12,,,,,,,,,,,,,,https://twitter.com/agrawalmohit12/status/1559626492413444096,
1559483320630738946,agrawalmohit12,,,,,,,,,,,,,,https://twitter.com/agrawalmohit12/status/1559483320630738946,
1559477285916393473,agrawalmohit12,,,,,,,,,,,,,,https://twitter.com/agrawalmohit12/status/1559477285916393473,
1559108240725753862,agrawalmohit12,,,,,,,,,,,,,,https://twitter.com/agrawalmohit12/status/1559108240725753862,
1559101198510301185,agrawalmohit12,,,,,,,,,,,,,,https://twitter.com/agrawalmohit12/status/1559101198510301185,
1558933248193044480,agrawalmohit12,,,,,,,,,,,,,,https://twitter.com/agrawalmohit12/status/1558933248193044480,
1558207601728446467,agrawalmohit12,,,,,,,,,,,,,,https://twitter.com/agrawalmohit12/status/1558207601728446467,
1558170750330216448,agrawalmohit12,,,,,,,,,,,,,,https://twitter.com/agrawalmohit12/status/1558170750330216448,
1558159446664167427,agrawalmohit12,,,,,,,,,,,,,,https://twitter.com/agrawalmohit12/status/1558159446664167427,
1557743919441424384,agrawalmohit12,,,,,,,,,,,,,,https://twitter.com/agrawalmohit12/status/1557743919441424384,
1557726566016503811,agrawalmohit12,,,,,,,,,,,,,,https://twitter.com/agrawalmohit12/status/1557726566016503811,
1557726564015837191,agrawalmohit12,,,,,,,,,,,,,,https://twitter.com/agrawalmohit12/status/1557726564015837191,
1557726561448923137,agrawalmohit12,,,,,,,,,,,,,,https://twitter.com/agrawalmohit12/status/1557726561448923137,
1557726559242694658,agrawalmohit12,,,,,,,,,,,,,,https://twitter.com/agrawalmohit12/status/1557726559242694658,
1557726556877111296,agrawalmohit12,,,,,,,,,,,,,,https://twitter.com/agrawalmohit12/status/1557726556877111296,
1557726554700288001,agrawalmohit12,,,,,,,,,,,,,,https://twitter.com/agrawalmohit12/status/1557726554700288001,
1557726552242417665,agrawalmohit12,,,,,,,,,,,,,,https://twitter.com/agrawalmohit12/status/1557726552242417665,
1557685680100327430,agrawalmohit12,,,,,,,,,,,,,,https://twitter.com/agrawalmohit12/status/1557685680100327430,
1557599665654321158,agrawalmohit12,,,,,,,,,,,,,,https://twitter.com/agrawalmohit12/status/1557599665654321158,
1557474778587582466,agrawalmohit12,,,,,,,,,,,,,,https://twitter.com/agrawalmohit12/status/1557474778587582466,
1557469016637186048,agrawalmohit12,,,,,,,,,,,,,,https://twitter.com/agrawalmohit12/status/1557469016637186048,
1557467314345463811,agrawalmohit12,,,,,,,,,,,,,,https://twitter.com/agrawalmohit12/status/1557467314345463811,
1557462841602473989,agrawalmohit12,,,,,,,,,,,,,,https://twitter.com/agrawalmohit12/status/1557462841602473989,
1557460327280803841,agrawalmohit12,,,,,,,,,,,,,,https://twitter.com/agrawalmohit12/status/1557460327280803841,
1557436658110308352,agrawalmohit12,,,,,,,,,,,,,,https://twitter.com/agrawalmohit12/status/1557436658110308352,
1557360298746585088,agrawalmohit12,,,,,,,,,,,,,,https://twitter.com/agrawalmohit12/status/1557360298746585088,
1557360296620072962,agrawalmohit12,,,,,,,,,,,,,,https://twitter.com/agrawalmohit12/status/1557360296620072962,
1557360294275547136,agrawalmohit12,,,,,,,,,,,,,,https://twitter.com/agrawalmohit12/status/1557360294275547136,
1557360291901472768,agrawalmohit12,,,,,,,,,,,,,,https://twitter.com/agrawalmohit12/status/1557360291901472768,
1557360289632362496,agrawalmohit12,,,,,,,,,,,,,,https://twitter.com/agrawalmohit12/status/1557360289632362496,
1557360287459713026,agrawalmohit12,,,,,,,,,,,,,,https://twitter.com/agrawalmohit12/status/1557360287459713026,
1557360285232644096,agrawalmohit12,,,,,,,,,,,,,,https://twitter.com/agrawalmohit12/status/1557360285232644096,
1557360281914834945,agrawalmohit12,,,,,,,,,,,,,,https://twitter.com/agrawalmohit12/status/1557360281914834945,
1557360279171862529,agrawalmohit12,,,,,,,,,,,,,,https://twitter.com/agrawalmohit12/status/1557360279171862529,
1557354584405938193,agrawalmohit12,,,,,,,,,,,,,,https://twitter.com/agrawalmohit12/status/1557354584405938193,
1401886218439192577,nid_rockz,,,,,,,,,,,,,,https://twitter.com/nid_rockz/status/1401886218439192577,
1557224899445489664,j_nirag,,,,,,,,,,,,,,https://twitter.com/j_nirag/status/1557224899445489664,
1556995925498904578,agrawalmohit12,,,,,,,,,,,,,,https://twitter.com/agrawalmohit12/status/1556995925498904578,
1556675415179395073,jaminball,,,,,,,,,,,,,,https://twitter.com/jaminball/status/1556675415179395073,
1556657089824563200,agrawalmohit12,,,,,,,,,,,,,,https://twitter.com/agrawalmohit12/status/1556657089824563200,
1556628052062396417,agrawalmohit12,,,,,,,,,,,,,,https://twitter.com/agrawalmohit12/status/1556628052062396417,
1556602118143877126,agrawalmohit12,,,,,,,,,,,,,,https://twitter.com/agrawalmohit12/status/1556602118143877126,
1556598857710043136,agrawalmohit12,,,,,,,,,,,,,,https://twitter.com/agrawalmohit12/status/1556598857710043136,
1556045375978586112,agrawalmohit12,,,,,,,,,,,,,,https://twitter.com/agrawalmohit12/status/1556045375978586112,
1555937239699521536,agrawalmohit12,,,,,,,,,,,,,,https://twitter.com/agrawalmohit12/status/1555937239699521536,
1555824666446544899,agrawalmohit12,,,,,,,,,,,,,,https://twitter.com/agrawalmohit12/status/1555824666446544899,
1555824664517267456,agrawalmohit12,,,,,,,,,,,,,,https://twitter.com/agrawalmohit12/status/1555824664517267456,
1555824662461947906,agrawalmohit12,,,,,,,,,,,,,,https://twitter.com/agrawalmohit12/status/1555824662461947906,
1555824660016758806,agrawalmohit12,,,,,,,,,,,,,,https://twitter.com/agrawalmohit12/status/1555824660016758806,
1555611606674989056,agrawalmohit12,,,,,,,,,,,,,,https://twitter.com/agrawalmohit12/status/1555611606674989056,
1555541251180593153,agrawalmohit12,,,,,,,,,,,,,,https://twitter.com/agrawalmohit12/status/1555541251180593153,
1555528556268163072,agrawalmohit12,,,,,,,,,,,,,,https://twitter.com/agrawalmohit12/status/1555528556268163072,
1555301396945174529,agrawalmohit12,,,,,,,,,,,,,,https://twitter.com/agrawalmohit12/status/1555301396945174529,
1555298984377417733,agrawalmohit12,,,,,,,,,,,,,,https://twitter.com/agrawalmohit12/status/1555298984377417733,
1555296616063684609,agrawalmohit12,,,,,,,,,,,,,,https://twitter.com/agrawalmohit12/status/1555296616063684609,
1555192619365552131,agrawalmohit12,,,,,,,,,,,,,,https://twitter.com/agrawalmohit12/status/1555192619365552131,
1555175222583721985,agrawalmohit12,,,,,,,,,,,,,,https://twitter.com/agrawalmohit12/status/1555175222583721985,
1555175220247494658,agrawalmohit12,,,,,,,,,,,,,,https://twitter.com/agrawalmohit12/status/1555175220247494658,
1555094120812748800,agrawalmohit12,,,,,,,,,,,,,,https://twitter.com/agrawalmohit12/status/1555094120812748800,
1555094112470179840,agrawalmohit12,,,,,,,,,,,,,,https://twitter.com/agrawalmohit12/status/1555094112470179840,
1555047752001798150,agrawalmohit12,,,,,,,,,,,,,,https://twitter.com/agrawalmohit12/status/1555047752001798150,
1554924489414164485,agrawalmohit12,,,,,,,,,,,,,,https://twitter.com/agrawalmohit12/status/1554924489414164485,
1554922096119119875,agrawalmohit12,,,,,,,,,,,,,,https://twitter.com/agrawalmohit12/status/1554922096119119875,
1554569146838519809,agrawalmohit12,,,,,,,,,,,,,,https://twitter.com/agrawalmohit12/status/1554569146838519809,
1554564477101678592,agrawalmohit12,,,,,,,,,,,,,,https://twitter.com/agrawalmohit12/status/1554564477101678592,
1554562716051931138,agrawalmohit12,,,,,,,,,,,,,,https://twitter.com/agrawalmohit12/status/1554562716051931138,
1554534543624896512,agrawalmohit12,,,,,,,,,,,,,,https://twitter.com/agrawalmohit12/status/1554534543624896512,
1554391167202217985,agrawalmohit12,,,,,,,,,,,,,,https://twitter.com/agrawalmohit12/status/1554391167202217985,
1554364387074494465,agrawalmohit12,,,,,,,,,,,,,,https://twitter.com/agrawalmohit12/status/1554364387074494465,
1554354198313160705,agrawalmohit12,,,,,,,,,,,,,,https://twitter.com/agrawalmohit12/status/1554354198313160705,
1554351158478737409,agrawalmohit12,,,,,,,,,,,,,,https://twitter.com/agrawalmohit12/status/1554351158478737409,
1554201597265207298,agrawalmohit12,,,,,,,,,,,,,,https://twitter.com/agrawalmohit12/status/1554201597265207298,
1554201100089188352,agrawalmohit12,,,,,,,,,,,,,,https://twitter.com/agrawalmohit12/status/1554201100089188352,
1553833654073401346,agrawalmohit12,,,,,,,,,,,,,,https://twitter.com/agrawalmohit12/status/1553833654073401346,
1553478348516560898,agrawalmohit12,,,,,,,,,,,,,,https://twitter.com/agrawalmohit12/status/1553478348516560898,
1553477117773479937,agrawalmohit12,,,,,,,,,,,,,,https://twitter.com/agrawalmohit12/status/1553477117773479937,
1550410039307149312,Delhi_Investors,,,,,,,,,,,,,,https://twitter.com/Delhi_Investors/status/1550410039307149312,
1553448247187972097,agrawalmohit12,,,,,,,,,,,,,,https://twitter.com/agrawalmohit12/status/1553448247187972097,
1553411127920451586,agrawalmohit12,,,,,,,,,,,,,,https://twitter.com/agrawalmohit12/status/1553411127920451586,
1553411126028865537,agrawalmohit12,,,,,,,,,,,,,,https://twitter.com/agrawalmohit12/status/1553411126028865537,
1553411123893919744,agrawalmohit12,,,,,,,,,,,,,,https://twitter.com/agrawalmohit12/status/1553411123893919744,
1553411121469702146,agrawalmohit12,,,,,,,,,,,,,,https://twitter.com/agrawalmohit12/status/1553411121469702146,
1553411119313821698,agrawalmohit12,,,,,,,,,,,,,,https://twitter.com/agrawalmohit12/status/1553411119313821698,
1553411117061480450,agrawalmohit12,,,,,,,,,,,,,,https://twitter.com/agrawalmohit12/status/1553411117061480450,
1553411114913988608,agrawalmohit12,,,,,,,,,,,,,,https://twitter.com/agrawalmohit12/status/1553411114913988608,
1553411112837808129,agrawalmohit12,,,,,,,,,,,,,,https://twitter.com/agrawalmohit12/status/1553411112837808129,
1553411110740832256,agrawalmohit12,,,,,,,,,,,,,,https://twitter.com/agrawalmohit12/status/1553411110740832256,
1553411107641036807,agrawalmohit12,,,,,,,,,,,,,,https://twitter.com/agrawalmohit12/status/1553411107641036807,
1553411105095041029,agrawalmohit12,,,,,,,,,,,,,,https://twitter.com/agrawalmohit12/status/1553411105095041029,
1553411102670725121,agrawalmohit12,,,,,,,,,,,,,,https://twitter.com/agrawalmohit12/status/1553411102670725121,
1553411099952816128,agrawalmohit12,,,,,,,,,,,,,,https://twitter.com/agrawalmohit12/status/1553411099952816128,
1553411097402777600,agrawalmohit12,,,,,,,,,,,,,,https://twitter.com/agrawalmohit12/status/1553411097402777600,
1553411094294806529,agrawalmohit12,,,,,,,,,,,,,,https://twitter.com/agrawalmohit12/status/1553411094294806529,
1553038037097013253,agrawalmohit12,,,,,,,,,,,,,,https://twitter.com/agrawalmohit12/status/1553038037097013253,
1553038034635030528,agrawalmohit12,,,,,,,,,,,,,,https://twitter.com/agrawalmohit12/status/1553038034635030528,
1553004035459932162,agrawalmohit12,,,,,,,,,,,,,,https://twitter.com/agrawalmohit12/status/1553004035459932162,
1553002712547164160,agrawalmohit12,,,,,,,,,,,,,,https://twitter.com/agrawalmohit12/status/1553002712547164160,
1553002709351006211,agrawalmohit12,,,,,,,,,,,,,,https://twitter.com/agrawalmohit12/status/1553002709351006211,
1552999364909490178,agrawalmohit12,,,,,,,,,,,,,,https://twitter.com/agrawalmohit12/status/1552999364909490178,
1552978309667082241,agrawalmohit12,,,,,,,,,,,,,,https://twitter.com/agrawalmohit12/status/1552978309667082241,
1552974965212958722,agrawalmohit12,,,,,,,,,,,,,,https://twitter.com/agrawalmohit12/status/1552974965212958722,
1552791531777581056,agrawalmohit12,,,,,,,,,,,,,,https://twitter.com/agrawalmohit12/status/1552791531777581056,
1552789580948160513,agrawalmohit12,,,,,,,,,,,,,,https://twitter.com/agrawalmohit12/status/1552789580948160513,
1552559458223546368,agrawalmohit12,,,,,,,,,,,,,,https://twitter.com/agrawalmohit12/status/1552559458223546368,
